id,source,beds,baths,total,per_person,per_bed,address,verdict
craigslist-7941072766,craigslist,1,1,800,800,800,198 Black Oak rd,OK
craigslist-7940110370,craigslist,2,1,1500,750,750,204 West Spencer Street,OK
craigslist-7941071264,craigslist,2,1,900,450,450,,pp<500;no_addr
craigslist-7931629149,craigslist,2,1,1895,948,948,114 Overlook Road near kline,OK
craigslist-7938871983,craigslist,2,1.5,2500,1250,1250,Ithaca,no_addr
craigslist-7941051941,craigslist,2,1,900,450,450,Ivory Foster Rd near Barnes creek,pp<500;no_addr
craigslist-7939775760,craigslist,0,1,1375,1375,1375,Village Circle near Equinox Drive,no_addr
craigslist-7939775705,craigslist,1,1,1577,1577,1577,Village Circle near Equinox Drive,no_addr
craigslist-7939775679,craigslist,1,1,1752,1752,1752,Village Circle near Equinox Drive,no_addr
craigslist-7939775630,craigslist,2,2,2062,1031,1031,Village Circle near Equinox Drive,no_addr
craigslist-7939775574,craigslist,3,2,2268,756,756,Village Circle near Equinox drive,no_addr
craigslist-7940449548,craigslist,1,1,1272,1272,1272,Village Circle,no_addr
craigslist-7938872264,craigslist,3,2.5,2995,998,998,1062 Dryden Road,OK
craigslist-7940335029,craigslist,1,1,2500,2500,2500,104 N Aurora St near E State street,OK
craigslist-7940336645,craigslist,2,1,2800,1400,1400,104-06 N Aurora St near E State street,OK
craigslist-7939697475,craigslist,2,1,1700,850,850,523 E State St near Stewart Ave.,OK
craigslist-7933948713,craigslist,3,1,2500,833,833,222 Eddy Street,OK
craigslist-7936922752,craigslist,1,1,795,795,795,107 Eddy st,OK
craigslist-7940955712,craigslist,1,1,1100,1100,1100,Gunderman Rd near Comfort Rd,no_addr
craigslist-7940941585,craigslist,0,1,1050,1050,1050,South Hill,no_addr
craigslist-7931485353,craigslist,1,1,975,975,975,Agard Rd. near Rt. 89,OK
craigslist-7933905948,craigslist,1,2,700,700,700,103 Birdseye View Dr near Danny rd,OK
craigslist-7934846083,craigslist,1,2,650,650,650,1044 Danby Rd,OK
craigslist-7940927154,craigslist,1,1,1000,1000,1000,Ellis Hollow RD,no_addr
craigslist-7940925641,craigslist,1,1,900,900,900,312 turner pl,OK
craigslist-7940927117,craigslist,1,1,1000,1000,1000,Dearborn Place near Triphammer Rd,no_addr
craigslist-7940926286,craigslist,1,1,825,825,825,North Cayuga st near Farm st,no_addr
craigslist-7940926299,craigslist,1,1,850,850,850,607 W. Green St. near Meadow,OK
craigslist-7940925676,craigslist,1,1,1000,1000,1000,E State Street near Stewart Ave,no_addr
craigslist-7940926281,craigslist,1,1,1011,1011,1011,600 warren rd,OK
craigslist-7940926307,craigslist,1,1,1000,1000,1000,104 N Aurora St near E State street,OK
craigslist-7940927125,craigslist,1,1,1000,1000,1000,Village Circle,no_addr
craigslist-7938173837,craigslist,2,1,1950,975,975,457 West Dryden Rd near Wood rd,OK
craigslist-7940922061,craigslist,0,1,1200,1200,1200,135 Coddington Rd,OK
craigslist-7934135729,craigslist,2,1,2365,1182,1182,520 Linn St. near King St.,OK
craigslist-7940908340,craigslist,2,2,2300,1150,1150,2227 N Triphammer Rd,OK
craigslist-7938862198,craigslist,3,1,1200,400,400,56 Groton Ave,pp<500
craigslist-7938549775,craigslist,3,1,1797,599,599,542 Warren Rd near Winthrop Drive,OK
craigslist-7940879553,craigslist,3,2,2550,850,850,Ithaca  – Cornell,no_addr
craigslist-7938732685,craigslist,1,1,1400,1400,1400,Utica St. near Farm St.,no_addr
craigslist-7933548965,craigslist,1,2.5,800,800,800,Dearborn Place near Triphammer Rd,no_addr
craigslist-7935859297,craigslist,4,2,3400,850,850,E State St near Stewart Ave,no_addr
craigslist-7939705154,craigslist,4,2.5,3350,838,838,Northeast,no_addr
craigslist-7938377178,craigslist,3,1,1897,632,632,125 Farm Street near North Tioga St,OK
craigslist-7931369675,craigslist,3,1,2900,967,967,719 Hanshaw Road,OK
craigslist-7934881624,craigslist,2,1,1850,925,925,2250 North Triphammer Road,OK
craigslist-7935647940,craigslist,2,1,2175,1088,1088,North Titus Avenue near South Plain Stre,no_addr
craigslist-7940092018,craigslist,2,1,1300,650,650,2250 North Triphammer Road,OK
craigslist-7940091075,craigslist,2,2,1200,600,600,Village Circle near Equinox Drive,no_addr
craigslist-7940091371,craigslist,1,1,900,900,900,600 warren rd,OK
craigslist-7940091013,craigslist,2,1,1300,650,650,200 West Hill Circle,OK
craigslist-7940089697,craigslist,2,1,1000,500,500,E seneca near Steawrt,no_addr
craigslist-7939478462,craigslist,3,1,1350,450,450,542 Warren Rd near Winthrop Drive,pp<500
craigslist-7940750174,craigslist,2,1,1495,748,748,Washington Street near Mclallen Street,no_addr
craigslist-7940730863,craigslist,1,1,1450,1450,1450,317.5 E. Buffalo Street near Parker St.,OK
craigslist-7940723523,craigslist,2,1,1885,942,942,207-09 Delaware Ave,OK
craigslist-7938978338,craigslist,2,1,1890,945,945,110 Parker Street near E. Seneca St,OK
craigslist-7934209087,craigslist,3,1,2625,875,875,207-09 Delaware Ave near Oxford Place,OK
craigslist-7939086293,craigslist,0,1,1300,1300,1300,Jacksonville,no_addr
craigslist-7936152650,craigslist,1,1,1800,1800,1800,N Geneva St near W Buffalo St,no_addr
craigslist-7940678254,craigslist,3,1,2595,865,865,826 N Aurora St near 826 N Aurora St,OK
craigslist-7936002096,craigslist,1,1,1349,1349,1349,959 Dryden Road,OK
craigslist-7935998890,craigslist,0,1,1354,1354,1354,Village Circle near Equinox drive,no_addr
craigslist-7932930970,craigslist,1,1,2225,2225,2225,Village Circle,no_addr
craigslist-7935001203,craigslist,3,1,2100,700,700,25 West main Street near union street,OK
craigslist-7940669463,craigslist,2,1,1300,650,650,,no_addr
craigslist-7940669440,craigslist,1,1,800,800,800,,no_addr
craigslist-7936260772,craigslist,1,1,1500,1500,1500,Dearborn Place near Triphammer Rd,no_addr
craigslist-7940633724,craigslist,4,4.5,4900,1225,1225,99 reach run,OK
craigslist-7933155813,craigslist,2,1,2295,1148,1148,301 Boiceville Rd,OK
craigslist-7935493778,craigslist,1,1,1695,1695,1695,301 Boiceville Rd,OK
craigslist-7933954309,craigslist,2,1,1795,898,898,"Burdett, East side of Seneca Lake",no_addr
craigslist-7936173015,craigslist,2,2,2395,1198,1198,3690 La Bourgade Lane,OK
craigslist-7940619794,craigslist,2,1,2395,1198,1198,52 Main St,OK
craigslist-7932661444,craigslist,4,1.5,6500,1625,1625,120 highland place near williams,OK
craigslist-7935067061,craigslist,2,2,2500,1250,1250,538 Asbury Rd near Scofield Rd,OK
craigslist-7934885448,craigslist,2,1,1850,925,925,428 Scofield rd near peruville rd,OK
craigslist-7935067114,craigslist,2,1,1950,975,975,455 West Dryden Rd near Sheldon Rd,OK
craigslist-7937138652,craigslist,2,1,1900,950,950,308 eddy st,OK
craigslist-7940560401,craigslist,3,1,1400,467,467,542 Warren Rd near Winthrop Drive,pp<500
craigslist-7940559215,craigslist,3,1,1500,500,500,542 Warren Rd near Winthrop Drive,OK
craigslist-7934490951,craigslist,2,1,950,475,475,123 Myers Rd.,pp<500
craigslist-7938943438,craigslist,0,1,1650,1650,1650,University Ave near Court St.,no_addr
craigslist-7938828541,craigslist,2,1.5,2150,1075,1075,N Cayuga Ave near Court St,no_addr
craigslist-7937502037,craigslist,2,2,2550,1275,1275,N Cayuga St near Court St.,no_addr
craigslist-7932107346,craigslist,2,2,3500,1750,1750,110 N Titus near S Cayuga St.,OK
craigslist-7940511518,craigslist,4,1,3260,815,815,505 Dryden Road,total!=raw
craigslist-7937428458,craigslist,2,1,1775,888,888,618 Stewart Ave,OK
craigslist-7937428403,craigslist,1,1,1580,1580,1580,618 Stewart Ave,OK
craigslist-7932016382,craigslist,2,1,1507,754,754,Ithaca,no_addr
craigslist-7932523817,craigslist,3,1,2995,998,998,115 Llenroc Court,OK
craigslist-7932016331,craigslist,3,1,2175,725,725,207 Fall Creek Drive,OK
craigslist-7932523735,craigslist,4,1,3125,781,781,307 Wait Avenue,OK
craigslist-7940488524,craigslist,0,1,550,550,550,Groton,no_addr
craigslist-7940488218,craigslist,1,1,700,700,700,Groton,no_addr
craigslist-7940456619,craigslist,2,1,982,491,491,,pp<500;no_addr
craigslist-7935436704,craigslist,2,1,1250,625,625,"Brooktondale,NY",no_addr
craigslist-7940437874,craigslist,3,2,1800,600,600,Salem Drive near Deerfield place,no_addr
craigslist-7940437833,craigslist,3,1,1995,665,665,544 Warren Rd near Winthrop,OK
craigslist-7940437801,craigslist,3,1,1725,575,575,Tareyton Dr near Rose hill Rd,no_addr
craigslist-7940430618,craigslist,2,1,1300,650,650,150  Old Ithaca Road,OK
craigslist-7932163425,craigslist,1,1,770,770,770,ithaca,total!=raw;no_addr
craigslist-7932163824,craigslist,2,1,1400,700,700,Freeville,no_addr
craigslist-7932163588,craigslist,3,1,2550,850,850,ithaca,no_addr
craigslist-7940400030,craigslist,1,1,395,395,395,310 Farm St.,total<400;pp<500
craigslist-7940369053,craigslist,3,1.5,1850,617,617,,no_addr
craigslist-7939809051,craigslist,1,1,1700,1700,1700,Ellis Hollow RD,no_addr
craigslist-7938547414,craigslist,2,1,1250,625,625,138.5 Linn Street,OK
craigslist-7940314842,craigslist,1,1,700,700,700,600 warren rd,OK
craigslist-7933281791,craigslist,1,1,1300,1300,1300,North Geneva Street near Cascadilla Stre,no_addr
craigslist-7940299066,craigslist,2,1,1650,825,825,,no_addr
craigslist-7940297445,craigslist,2,1,2000,1000,1000,Fall e,no_addr
craigslist-7940279957,craigslist,1,1,1225,1225,1225,North Geneva Street near Cascadilla Stre,no_addr
craigslist-7939355470,craigslist,2,1,1985,992,992,N Geneva near W Court,no_addr
craigslist-7940243934,craigslist,1,1,1750,1750,1750,East Hill Area OIthaca,no_addr
craigslist-7939264207,craigslist,2,1.5,1690,845,845,426 Winthrop Dr,OK
craigslist-7937391673,craigslist,1,1,398,398,398,310 Farm St.,total<400;pp<500
craigslist-7938528360,craigslist,2,2,3610,1805,1805,430 West State Street,OK
craigslist-7940192073,craigslist,3,1,2050,683,683,Ithaca,no_addr
craigslist-7936696284,craigslist,2,1,1700,850,850,Midline near Hurd,no_addr
craigslist-7940091029,craigslist,3,2,3000,1000,1000,Ithaca,total!=raw;no_addr
craigslist-7940086463,craigslist,1,1,1300,1300,1300,Ithaca,no_addr
craigslist-7938268852,craigslist,2,1,1795,898,898,324 Spencer Rd,OK
craigslist-7937222876,craigslist,4,1,3180,795,795,103 Dryden Rd.,OK
craigslist-7936483667,craigslist,0,1.5,525,525,525,Ithaca,no_addr
craigslist-7940015457,craigslist,1,1,1500,1500,1500,35 Elm Street near Camp St,OK
craigslist-7935872476,craigslist,2,1,2825,1412,1412,Ithaca,no_addr
craigslist-7933421241,craigslist,2,1.5,1900,950,950,116 Birdseye View Dr,OK
craigslist-7936816842,craigslist,0,1,1100,1100,1100,Ithaca,no_addr
craigslist-7938734612,craigslist,2,1,1900,950,950,Ithaca,no_addr
craigslist-7939846492,craigslist,2,1,1700,850,850,111 E Spencer St,OK
craigslist-7939846051,craigslist,2,1,1240,620,620,200 West Hill Circle,OK
craigslist-7935757046,craigslist,1,1,1400,1400,1400,Ithaca,no_addr
craigslist-7939799937,craigslist,2,1,1725,862,862,Dryden,no_addr
craigslist-7939796397,craigslist,2,1.5,1675,838,838,Dryden,no_addr
craigslist-7939728384,craigslist,0,1.5,770,770,770,119 Honness Ln,OK
craigslist-7933572712,craigslist,3,2,2340,780,780,212 Giles,OK
craigslist-7937593053,craigslist,1,1,1450,1450,1450,1 Maplewood,OK
craigslist-7931821088,craigslist,4,2,2800,700,700,120 James St,OK
craigslist-7937592932,craigslist,3,2,2340,780,780,12 Charles,OK
craigslist-7938428474,craigslist,1,1,1460,1460,1460,Drake Road Lansing NY near East Shore Dr,no_addr
craigslist-7933760927,craigslist,0,2,850,850,850,112 Ferris Place near State Street,OK
craigslist-7939610340,craigslist,1,1,1311,1311,1311,600 warren rd,OK
craigslist-7939599617,craigslist,1,1,1033,1033,1033,200 West Hill Circle,OK
craigslist-7938872073,craigslist,2,1.5,2295,1148,1148,1062 Dryden Road near Monkey Run,OK
craigslist-7933692015,craigslist,1,1,650,650,650,Ithaca / Newfield,no_addr
craigslist-7938504967,craigslist,1,1,1425,1425,1425,North Cayuga st near Farm st,no_addr
craigslist-7934147581,craigslist,1,1,900,900,900,"Cortland, NY",no_addr
craigslist-7939554467,craigslist,3,1,2000,667,667,219 Snyder Hill Rd,OK
craigslist-7937445611,craigslist,1,1,1750,1750,1750,110 Lake Ave. near Cascadilla St.,OK
craigslist-7939492878,craigslist,2,1,1100,550,550,00 undisclosed address,OK
craigslist-7939471508,craigslist,1,1.5,2450,2450,2450,Ithaca,no_addr
craigslist-7939400527,craigslist,2,2,950,475,475,Ithaca,pp<500;no_addr
craigslist-7939396901,craigslist,2,1,890,445,445,"521 Wyckoff Road, #1 near #1",pp<500
craigslist-7939311833,craigslist,0,1.5,500,500,500,Dryden Road near Freese Road,no_addr
craigslist-7939313559,craigslist,1,1,1600,1600,1600,Dryden Road near Freese Road,no_addr
craigslist-7939310497,craigslist,3,1.5,2500,833,833,Dryden Road near Freese Road,no_addr
craigslist-7934699665,craigslist,1,0,925,925,925,207 Kelvin Place,OK
craigslist-7939277994,craigslist,3,1,1975,658,658,1035 Coddington Rd.,OK
craigslist-7939217172,craigslist,3,2,2400,800,800,Etna NY,no_addr
craigslist-7939189530,craigslist,1,1,1240,1240,1240,504 University Ave near Cornell Ave,OK
craigslist-7939194008,craigslist,1,1,1490,1490,1490,E State Street near Stewart Ave,no_addr
craigslist-7939189902,craigslist,1,1,1350,1350,1350,522 E State St near Sage Pl,OK
craigslist-7939189351,craigslist,4,2,3400,850,850,E State St near N Quarry,total!=raw;no_addr
craigslist-7939125294,craigslist,3,3,2500,833,833,121 Birdseye View Dr,OK
craigslist-7934120157,craigslist,3,2,1600,533,533,,no_addr
craigslist-7939057970,craigslist,2,1,1500,750,750,133 N Main near Brooks St,OK
craigslist-7939048896,craigslist,1,1,750,750,750,interlaken,no_addr
craigslist-7938812665,craigslist,2,1,2200,1100,1100,Cayuga Street,no_addr
craigslist-7938806388,craigslist,2,1,950,475,475,CORTLAND,pp<500;no_addr
craigslist-7938737234,craigslist,1,1,1485,1485,1485,East Seneca Street near Stewart Ave,no_addr
craigslist-7933420292,craigslist,2,1,1800,900,900,Ithaca,no_addr
craigslist-7938730976,craigslist,0,1,1325,1325,1325,East Seneca Street near North Quarry Str,no_addr
craigslist-7938729327,craigslist,4,2,3980,995,995,North Quarry St near East Buffalo St,no_addr
craigslist-7938178578,craigslist,0,1,810,810,810,,no_addr
craigslist-7938181868,craigslist,3,1,2640,880,880,Schuyler Pl near Seneca St,no_addr
craigslist-7938713921,craigslist,1,1,1290,1290,1290,East Buffalo near North Quarry,no_addr
craigslist-7938697007,craigslist,1,1,2300,2300,2300,ITHACA,no_addr
craigslist-7934223904,craigslist,2,1,2000,1000,1000,North Quarry St near East Buffalo St,no_addr
craigslist-7932670149,craigslist,1,1,1550,1550,1550,312 turner pl,OK
craigslist-7938650049,craigslist,3,2,2000,667,667,Trumansburg,no_addr
craigslist-7938564907,craigslist,1,1,1600,1600,1600,Ithaca,no_addr
craigslist-7938544926,craigslist,2,1,1940,970,970,2250 N TRIPHAMMER road,OK
craigslist-7938524251,craigslist,0,1.5,859,859,859,200 West Hill Circle,OK
craigslist-7938504873,craigslist,2,1,1200,600,600,"Fall Creek, Ithaca",no_addr
craigslist-7931611910,craigslist,2,1,1500,750,750,RTreman State Park area,no_addr
craigslist-7938492921,craigslist,3,1.5,2000,667,667,RTreman Park area,no_addr
craigslist-7938463173,craigslist,1,1,1500,1500,1500,69 South St,OK
craigslist-7938438970,craigslist,3,3,2700,900,900,Ithaca,no_addr
craigslist-7936210991,craigslist,1,1,1400,1400,1400,,no_addr
craigslist-7938427387,craigslist,2,1,1500,750,750,E seneca near Steawrt,no_addr
craigslist-7938287028,craigslist,3,2,1500,500,500,325 Dryden Road,OK
craigslist-7938207596,craigslist,1,1,0,0,0,Tompkins County,no_addr
craigslist-7937311151,craigslist,3,1,1900,633,633,518 Spencer Rd,OK
craigslist-7938062890,craigslist,3,1,1950,650,650,202 Prospect Street,OK
craigslist-7932809083,craigslist,5,2.5,5000,1000,1000,108 linden ave near Mitchell,OK
craigslist-7937973226,craigslist,2,1,1750,875,875,202 Floral Ave near Elm Dr,OK
craigslist-7937853833,craigslist,1,1,800,800,800,219 Snyder Hill Rd,OK
craigslist-7933173338,craigslist,2,1,1800,900,900,393 peruville rd near scofield rd,OK
craigslist-7937663706,craigslist,2,1,1900,950,950,35 Elm Street near Camp St,OK
craigslist-7931606375,craigslist,3,1,2000,667,667,508 W Clinton St.,OK
craigslist-7934105885,craigslist,2,1,1750,875,875,1621 Slaterville Rd near Burns Rd,OK
craigslist-7937503293,craigslist,3,1,2500,833,833,Eastern Heights Drive near Sharlene Road,no_addr
craigslist-7937251816,craigslist,2,1.5,1800,900,900,Briarwood near Birchwood,no_addr
craigslist-7935747774,craigslist,2,2,1050,525,525,Danby Road near East king road,no_addr
craigslist-7937162266,craigslist,3,1,1995,665,665,91 auburn rd,OK
craigslist-7936995626,craigslist,2,1.5,1500,750,750,Ithaca,no_addr
craigslist-7936975231,craigslist,1,1,1375,1375,1375,Burleigh Drive,no_addr
craigslist-7936879821,craigslist,2,1,2100,1050,1050,Glen Place near Buffalo Street,no_addr
craigslist-7936834573,craigslist,2,1,1975,988,988,E State St near Sage Pl,no_addr
craigslist-7936828333,craigslist,1,1,2300,2300,2300,1288 EAST SHORE DR.,OK
craigslist-7936799455,craigslist,4,3.5,3900,975,975,174 Pleasant Grove,OK
craigslist-7936484274,craigslist,1,1,750,750,750,Ithaca,no_addr
craigslist-7936205116,craigslist,2,1,1600,800,800,109 Treva Ave near Water St,OK
craigslist-7936204636,craigslist,3,1.5,1900,633,633,Belle Sherman,no_addr
craigslist-7932886636,craigslist,2,1,1700,850,850,"Ithaca, New York",no_addr
craigslist-7936119730,craigslist,1,1,775,775,775,Ithaca,no_addr
craigslist-7936079896,craigslist,3,1,2850,950,950,327 Cascadilla St,OK
craigslist-7931834249,craigslist,4,1,3400,850,850,412 University Ave near Lake st,OK
craigslist-7931830846,craigslist,5,2,3800,760,760,412 University Ave near Lake st,OK
craigslist-7931833937,craigslist,3,1,2700,900,900,412 University Ave near Lake st,OK
craigslist-7935925785,craigslist,1,1,1400,1400,1400,"118 Prospect St, Cityview Apartment, roo",OK
craigslist-7933075098,craigslist,1,1,1550,1550,1550,220 N Plain near Buffalo Street,OK
craigslist-7935810033,craigslist,4,2.5,3200,800,800,Ellis Hollow Road near Eagleshead Rd,no_addr
craigslist-7935797727,craigslist,2,2,1800,900,900,145 Brooktondale Rd. near Banks Rd.,OK
craigslist-7935760953,craigslist,2,1,1550,775,775,44 Buck Road,OK
craigslist-7935749898,craigslist,2,1,1750,875,875,5211 williamee rd,OK
craigslist-7932001374,craigslist,2,1,1400,700,700,Cleveland near Corn,no_addr
craigslist-7935715747,craigslist,4,2.5,1975,494,494,South Coddington Rd.,pp<500;no_addr
craigslist-7932007301,craigslist,2,1,2500,1250,1250,Newfield,no_addr
craigslist-7935574879,craigslist,2,1,1800,900,900,393 Peruville Rd near Scofield Rd,OK
craigslist-7931371629,craigslist,1,1,970,970,970,23 min dr. to Cornell/Ithaca-Cortland/Bi,OK
craigslist-7935314979,craigslist,1,1,1075,1075,1075,124 roberts place,OK
craigslist-7935220097,craigslist,2,1,2220,1110,1110,Ithaca,no_addr
craigslist-7932148597,craigslist,2,1,1800,900,900,3 white church rd. near valley rd.,OK
craigslist-7934998082,craigslist,2,1,2200,1100,1100,Ithaca,no_addr
craigslist-7934729767,craigslist,1,1,1400,1400,1400,5 Max’s Drive,OK
craigslist-7931838206,craigslist,1,1,1500,1500,1500,222 University Avenue near Cornell Avenu,OK
craigslist-7933380568,craigslist,2,1.5,2575,1288,1288,635 bone plain rd near scofield rd,OK
craigslist-7934403811,craigslist,2,1,1800,900,900,Parker near Seneca,no_addr
craigslist-7934100919,craigslist,1,1,800,800,800,Dryden/Harford,no_addr
craigslist-7934098930,craigslist,0,1,700,700,700,Dryden/Harford,no_addr
craigslist-7934053020,craigslist,1,1,2500,2500,2500,ITHACA,no_addr
craigslist-7933579557,craigslist,3,2,2500,833,833,5120 Halseyville road. near Perry City r,OK
craigslist-7933440764,craigslist,2,2,2750,1375,1375,324 Dryden Road near Elmwood,OK
craigslist-7933436476,craigslist,3,2,2991,997,997,324 Dryden Road near Elmwood Ave,OK
craigslist-7933072015,craigslist,0,1,850,850,850,Ithaca,no_addr
craigslist-7933070245,craigslist,0,1,770,770,770,Ithaca,no_addr
craigslist-7933065843,craigslist,1,1,1550,1550,1550,Ithaca,no_addr
craigslist-7932896898,craigslist,2,1,1150,575,575,"521 Wyckoff Road, #1 near #1",OK
craigslist-7932650531,craigslist,3,2,2950,983,983,Ellis Hollow,no_addr
craigslist-7932648059,craigslist,2,1.5,1500,750,750,Brooktondale,no_addr
craigslist-7932128138,craigslist,3,1.5,1395,465,465,133 Algerine Road,pp<500
craigslist-7932044438,craigslist,4,2,2700,675,675,130 Snyder Hill Rd,OK
craigslist-7931752377,craigslist,4,2.5,1975,494,494,Ithaca,pp<500;no_addr
craigslist-7931738659,craigslist,2,1,900,450,450,29 Hubbard street near Garfield,pp<500
craigslist-7931649535,craigslist,3,2,2375,792,792,34 Meadowlark Drive near Sapsuckerwoods ,OK
craigslist-7941065684,craigslist,0,0,400,400,400,"Ithaca, NY",pp<500;no_addr
craigslist-7941065680,craigslist,1,0,460,460,460,"Ithaca, NY",pp<500;no_addr
craigslist-7938846107,craigslist,0,0,700,700,700,Pleasant near Turner,no_addr
craigslist-7934613098,craigslist,0,0,600,600,600,Spencer,no_addr
craigslist-7939801709,craigslist,0,1,750,750,750,S Albany,no_addr
craigslist-7940162906,craigslist,4,2,3600,900,900,523E State St near Stewart Ave,total!=raw
craigslist-7935718178,craigslist,1,2,650,650,650,103 Birdseye view dr near Danby rd,OK
craigslist-7937697850,craigslist,0,1,897,897,897,Farm St near North Tioga,no_addr
craigslist-7938207716,craigslist,0,1,747,747,747,542 Warren Rd near Winthrop Drive,OK
craigslist-7940751635,craigslist,0,0,450,450,450,4 Schwan Drive,pp<500
craigslist-7939559441,craigslist,0,0,950,950,950,505 E Seneca Street,OK
craigslist-7940370652,craigslist,1,1,550,550,550,Ithaca,no_addr
craigslist-7935168833,craigslist,0,0,775,775,775,Bundy Rd near Trumansburg Rd (96),OK
craigslist-7939858344,craigslist,1,0,595,595,595,Ithaca,no_addr
craigslist-7939452801,craigslist,0,2,750,750,750,Trumansburg,no_addr
craigslist-7939266668,craigslist,1,1,500,500,500,Green Street near Plain street,no_addr
craigslist-7939208411,craigslist,1,0,700,700,700,6627 Branch Rd,OK
craigslist-7936149453,craigslist,1,2,700,700,700,Ithaca,no_addr
craigslist-7934194711,craigslist,1,0,650,650,650,114 Carls Way,OK
craigslist-7938159833,craigslist,4,1,0,0,0,Newfield/Ithaca,total!=raw;no_addr
craigslist-7938158070,craigslist,0,2,750,750,750,South Plain Street,no_addr
craigslist-7937851066,craigslist,0,3,550,550,550,Rt 34 just outside Ithaca near Lansing a,OK
craigslist-7937606928,craigslist,2,0,750,375,375,327 W Seneca St,pp<500
craigslist-7937024739,craigslist,0,1.5,565,565,565,South Albany street,no_addr
craigslist-7936960764,craigslist,2,1,850,425,425,Near Triphammer Mall,pp<500;no_addr
craigslist-7936794749,craigslist,0,4,800,800,800,Ithaca,no_addr
craigslist-7936731843,craigslist,3,0,0,0,0,Ithaca,no_addr
craigslist-7935812316,craigslist,1,1,800,800,800,Green Street near Plain street,no_addr
craigslist-7935621742,craigslist,0,1.5,620,620,620,Hillview near South Aurora,no_addr
craigslist-7935550227,craigslist,0,0,750,750,750,,no_addr
craigslist-7935478707,craigslist,1,1,500,500,500,700 Warren Road,OK
craigslist-7934845524,craigslist,1,0,880,880,880,Hanshaw near Triphammer,no_addr
craigslist-7934220225,craigslist,0,2,500,500,500,S Albany,no_addr
craigslist-7933243799,craigslist,1,1,900,900,900,121 Veteran's Pl,OK
craigslist-7931971969,craigslist,3,1,1800,600,600,317-2S South Cayuga St near E. Clinton S,total!=raw
craigslist-7931708725,craigslist,0,1.5,760,760,760,Giles Street near Columbia street,no_addr
craigslist-7931657323,craigslist,0,0,700,700,700,54 shudaben rd near Enfield ctr rd,OK
craigslist-7940879763,craigslist,1,1,650,650,650,505 Dryden Road,OK
craigslist-7940324485,craigslist,1,0,750,750,750,"Ithaca, Westhill",no_addr
craigslist-7938150458,craigslist,1,0,610,610,610,Summit Avenue near Oak Avenue,no_addr
craigslist-7940132315,craigslist,0,2,800,800,800,Center st near N. Titus,no_addr
craigslist-7935423996,craigslist,1,1,2565,2565,2565,,no_addr
craigslist-7939513641,craigslist,0,1.5,575,575,575,514 S Aurora St,OK
craigslist-7939219008,craigslist,1,1,700,700,700,"117 Oak Ave, Apt 1",OK
craigslist-7938593048,craigslist,1,1,700,700,700,419 East Buffalo Street near 419 East Bu,OK
craigslist-7938594712,craigslist,4,2,1500,375,375,419 East Buffalo Street near 419 East Bu,pp<500
craigslist-7936818116,craigslist,5,2,3500,700,700,Trumansburg,no_addr
craigslist-7936781549,craigslist,1,1,1150,1150,1150,Dryden,no_addr
craigslist-7936762127,craigslist,2,1.5,2078,1039,1039,100 Graham Rd,OK
craigslist-7936586806,craigslist,0,4,650,650,650,Dryden,no_addr
craigslist-7935855142,craigslist,2,2,2000,1000,1000,,no_addr
craigslist-7934517542,craigslist,1,1,0,0,0,delaware ave,total!=raw;no_addr
craigslist-7931460958,craigslist,0,0,1100,1100,1100,40 village circle near Apt Q,OK
craigslist-7931916522,craigslist,0,4.5,795,795,795,131 VETERANS PL near 131 VET B,OK
ithacaestates-1060-danby-road,ithacaestates,1,1,850,850,850,"1060 Danby Road, Ithaca, NY",OK
ithacaestates-918-danby-road,ithacaestates,1,1,2100,2100,2100,"918 Danby Road, Ithaca, NY",OK
ithacaestates-hayloft-art-studios,ithacaestates,1,1,500,500,500,"1059 Danby Road, Ithaca, NY 14850",OK
ithacaestates-interlaken-landing,ithacaestates,1,1,900,900,900,"123 E King Rd, Ithaca, NY 14850",OK
ithacaestates-ithaca-solar-townhouses,ithacaestates,1,1,2000,2000,2000,"53 Danby Road, Ithaca, NY 14850",OK
ithacaestates-springwood-townhomes,ithacaestates,1,1,500,500,500,"123 East King Road, Ithaca, NY 14850",OK
lambrou-6452a03c4e0f2e324108a9ae,lambrou,3,2.5,0,0,0,"107 Cook Street, Ithaca, NY",OK
lambrou-55bd4e02e4b067fc8a7d0b5c,lambrou,2,0,0,0,0,"114 Catherine Street, Ithaca, NY",OK
lambrou-55c03bb0e4b0f9e68b052fd6,lambrou,5,0,0,0,0,"116 Catherine Street, Ithaca, NY",OK
lambrou-6303e8c7100c4a40f45cf471,lambrou,5,0,0,0,0,"118 Catherine Street, Ithaca, NY",OK
lambrou-55bd4fffe4b0681497f8c3e1,lambrou,3,0,0,0,0,"301 Eddy Street, Ithaca, NY",OK
lambrou-55bd5678e4b09d8345d63869,lambrou,6,0,0,0,0,"303 Eddy Street, Ithaca, NY",OK
lambrou-55bd55c8e4b0f2f1fe313ec5,lambrou,3,0,0,0,0,"305 Eddy Street, Ithaca, NY",OK
lambrou-55bd56cde4b03c710defa41e,lambrou,1,0,0,0,0,"307 Eddy Street, Ithaca, NY",OK
lambrou-55bd573ee4b067fc8a7d27f4,lambrou,1,0,0,0,0,"309 Eddy Street, Ithaca, NY",OK
lambrou-69f0ef171377b00b63583cf2,lambrou,1,0,0,0,0,"238 Dryden Road, Ithaca, NY",OK
lambrou-6452b969119899678116fc62,lambrou,3,0,0,0,0,"303-309 Dryden Road, Ithaca, NY",OK
lambrou-55bd574ee4b09f3341f299c1,lambrou,2,0,0,0,0,"320 Dryden Road, Ithaca, NY",OK
lambrou-55bd5761e4b0bf5a19e7e2fe,lambrou,3,0,0,0,0,"407 Eddy Street, Ithaca, NY",OK
lambrou-55bd5776e4b07e0f7542aa4b,lambrou,4,0,0,0,0,"414 Eddy Street, Ithaca, NY",OK
lambrou-55c9651ee4b039eb8202a39b,lambrou,1,0,0,0,0,"125 1/2 Eddy Street, Ithaca, NY",OK
modernliving-483,modernliving,1,2,900,900,900,"200 Highland Ave , Ithaca, NY 14850",OK
modernliving-482,modernliving,6,2,6222,1037,1037,"609 E State St, Ithaca, NY 14850",OK
modernliving-242,modernliving,3,1,2550,850,850,"710 Stewart Ave Unit 8, Ithaca, NY",OK
modernliving-196,modernliving,3,2,2850,950,950,"518 Linn St -  apt 1, Ithaca, NY 14850",OK
modernliving-203,modernliving,3,2,3300,1100,1100,"404 University Ave Unit 2, Ithaca, NY",OK
modernliving-476,modernliving,0,2,1000,1000,1000,"200 Highland Ave - BTB Unit 2C '26-'27, ",OK
modernliving-222,modernliving,3,1,3000,1000,1000,"109 Williams St Unit 5, Ithaca, NY",OK
modernliving-301,modernliving,2,1,2450,1225,1225,"704 E. State St Unit C, Ithaca, NY",OK
modernliving-296,modernliving,0,1,1000,1000,1000,"704 E. State St Unit B, Ithaca, NY",OK
modernliving-321,modernliving,3,1,3300,1100,1100,"702 E. State St Unit B, Ithaca, NY",OK
modernliving-295,modernliving,3,1,3300,1100,1100,"702 E. State St Unit A, Ithaca, NY",OK
modernliving-207,modernliving,3,1,2575,858,858,"1005 - 1007 N Aurora St Unit 1, Ithaca, ",OK
modernliving-386,modernliving,2,2,4400,2200,2200,"The Summit Unit 006, Ithaca, NY",OK
modernliving-458,modernliving,1,1.5,950,950,950,414 E Marshall St - 414 East Marshall 1 ,OK
modernliving-272,modernliving,4,1.5,1900,475,475,414 E Marshall St - 414 East Marshall 1 ,pp<500
modernliving-266,modernliving,4,1.5,3400,850,850,"412 E Marshall St - Unit 1, Ithaca, NY 1",OK
modernliving-323,modernliving,3,1,3300,1100,1100,"103 N. Quarry St Unit A, Ithaca, NY",OK
modernliving-334,modernliving,2,1,3600,1800,1800,504 Stewart Ave Cascadilla Gorge Penthou,OK
modernliving-10,modernliving,3,1,2400,800,800,"605 S. Aurora St. Unit 2, Ithaca, NY",OK
modernliving-202,modernliving,3,2,3300,1100,1100,"404 University Ave Unit 1 , Ithaca, NY",OK
modernliving-286,modernliving,2,1,2650,1325,1325,"105 Highland Place Unit 5, Ithaca, NY",OK
modernliving-217,modernliving,3,1,3375,1125,1125,"105 Highland Place Unit 1, Ithaca, NY",OK
modernliving-343,modernliving,2,1,2650,1325,1325,"104 Harvard Pl Unit 5 , Ithaca, NY",OK
modernliving-256,modernliving,2,1,2600,1300,1300,"104 Harvard Pl Unit 1 , Ithaca, NY",OK
modernliving-305,modernliving,3,1,3300,1100,1100,"101 N. Quarry St Unit A, Ithaca, NY",OK
modernliving-229,modernliving,2,1,2500,1250,1250,"711 E. Seneca St Unit 3, Ithaca, NY",OK
modernliving-237,modernliving,2,1,2300,1150,1150,"710 Stewart Ave Unit 3, Ithaca, NY",OK
modernliving-21,modernliving,3,1,3900,1300,1300,"707 E. Seneca St Unit 2B, Ithaca, NY",OK
modernliving-48,modernliving,3,1,3900,1300,1300,"707 E. Seneca St Unit 1B, Ithaca, NY",OK
modernliving-175,modernliving,3,1,3075,1025,1025,"612 E State St Unit 2, Ithaca, NY",OK
modernliving-110,modernliving,5,2,4750,950,950,"611 E State St, Ithaca, NY",OK
modernliving-9,modernliving,3,1,2475,825,825,"605 S. Aurora St. Unit 1, Ithaca, NY",OK
modernliving-356,modernliving,3,1,3600,1200,1200,"601 E. State St Unit H, Ithaca, NY",OK
modernliving-206,modernliving,5,2,5625,1125,1125,"601 E. State St Unit B, Ithaca, NY",OK
modernliving-181,modernliving,9,3,11025,1225,1225,"528 Stewart Ave Unit 2, Ithaca, NY",OK
modernliving-172,modernliving,9,4,9675,1075,1075,"522 Stewart Ave Unit 2, Ithaca, NY",OK
modernliving-349,modernliving,0,1,1650,1650,1650,"504 Stewart Ave Unit B , Ithaca, NY",OK
modernliving-292,modernliving,2,1,2250,1125,1125,"504 Stewart Ave Unit 6 , Ithaca, NY",OK
modernliving-288,modernliving,2,1,2250,1125,1125,"504 Stewart Ave Unit 1A , Ithaca, NY",OK
modernliving-112,modernliving,8,3,10800,1350,1350,"306 Bryant Ave House, Ithaca, NY",OK
modernliving-95,modernliving,2,1,1950,975,975,"232 S Geneva St Unit 4, Ithaca, NY",OK
modernliving-168,modernliving,2,1,2650,1325,1325,"230 Bryant Ave Unit 2, Ithaca, NY",OK
modernliving-139,modernliving,3,2,2550,850,850,"217 Columbia St. - Unit A, Ithaca, NY 14",OK
modernliving-210,modernliving,4,2,3200,800,800,"213-215 Columbia St Unit 1, ithaca, NY",OK
modernliving-263,modernliving,2,1,2200,1100,1100,"202 Stewart Ave Unit 4 (GF), Ithaca, NY",OK
modernliving-252,modernliving,4,1,3800,950,950,"202 Stewart Ave Unit 2, Ithaca, NY",OK
modernliving-260,modernliving,5,2,5000,1000,1000,"200 Highland Ave Unit 1-A, Ithaca, NY",OK
modernliving-93,modernliving,6,2,5400,900,900,"313 Farm St., Ithaca, NY 14850",OK
modernliving-92,modernliving,5,2,5400,1080,1080,"311 Farm St, Ithaca, NY 14850",OK
modernliving-91,modernliving,4,2,3600,900,900,"144 Linn St., Ithaca, NY 14850",OK
modernliving-143,modernliving,4,1,3800,950,950,"113 Stewart Ave Unit 2, Ithaca, NY",OK
modernliving-162,modernliving,3,1,3075,1025,1025,"112 Stewart Ave Unit 1, Ithaca, NY",OK
modernliving-149,modernliving,3,1,3225,1075,1075,"110 Stewart Ave Unit 3, Ithaca, NY",OK
modernliving-223,modernliving,2,1,2650,1325,1325,"109 Williams St Unit 2, Ithaca, NY",OK
modernliving-211,modernliving,2,2,3200,1600,1600,"105 Highland Place Unit 2, Ithaca, NY",OK
modernliving-315,modernliving,2,1,2650,1325,1325,"104 Harvard Pl Unit 2 , Ithaca, NY",OK
modernliving-148,modernliving,2,1,2200,1100,1100,"110 Stewart Ave Unit 2, Ithaca, NY",OK
modernliving-193,modernliving,3,1,3765,1255,1255,"105 Highland Place Unit 4, Ithaca, NY",OK
modernliving-37,modernliving,2,1,1650,825,825,"1002 N. Aurora St. Unit 4, Ithaca, NY",OK
modernliving-249,modernliving,10,4,10750,1075,1075,"710 E State St - 710 House, ithaca, NY 1",OK
modernliving-7,modernliving,3,1,3900,1300,1300,"707 E. Seneca St Unit 2A, Ithaca, NY",OK
modernliving-177,modernliving,4,2,4300,1075,1075,"613 E State St Unit 2, Ithaca, NY",OK
modernliving-353,modernliving,3,1,3750,1250,1250,"601 E. State St Unit D, Ithaca, NY",OK
modernliving-352,modernliving,3,1,3750,1250,1250,"601 E. State St Unit C, Ithaca, NY",OK
modernliving-336,modernliving,3,1,3375,1125,1125,"504 Stewart Ave Unit 7 , Ithaca, NY",OK
modernliving-335,modernliving,2,1,2250,1125,1125,"504 Stewart Ave Unit 4, Ithaca, NY",OK
modernliving-347,modernliving,2,1,2250,1125,1125,"504 Stewart Ave Unit 1B , Ithaca, NY",OK
modernliving-213,modernliving,4,2,4600,1150,1150,"308 Stewart Ave Unit 2, Ithaca, NY",OK
modernliving-99,modernliving,2,1,1950,975,975,"232 S Geneva St Unit 3, Ithaca, NY",OK
modernliving-130,modernliving,3,2,2400,800,800,"217 Columbia St. - Unit B, Ithaca, NY 14",OK
modernliving-208,modernliving,4,2,3200,800,800,"213-215 Columbia St Unit 2, ithaca, NY",OK
modernliving-261,modernliving,2,2,5000,2500,2500,"200 Highland Ave Unit 2-C, Ithaca, NY",OK
modernliving-164,modernliving,3,1,3150,1050,1050,"112 Stewart Ave Unit 2, Ithaca, NY",OK
modernliving-204,modernliving,2,1,2600,1300,1300,"105 Highland Place Unit 3, Ithaca, NY",OK
modernliving-318,modernliving,2,1,2650,1325,1325,"104 Harvard Pl Unit 4, Ithaca, NY",OK
modernliving-176,modernliving,4,2,4300,1075,1075,"613 E State St Unit 1, Ithaca, NY",OK
modernliving-174,modernliving,3,1,3075,1025,1025,"612 E State St Unit 1, ithaca, NY",OK
modernliving-357,modernliving,3,1,1100,367,367,"601 E. State St Unit G, Ithaca, NY",pp<500
modernliving-180,modernliving,4,1,4500,1125,1125,"528 Stewart Ave Unit 1, Ithaca, NY",OK
modernliving-330,modernliving,0,1,1650,1650,1650,"504 Stewart Ave Unit C, Ithaca, NY",OK
modernliving-214,modernliving,4,2,4600,1150,1150,"308 Stewart Ave Unit 3, Ithaca, NY",OK
modernliving-98,modernliving,4,1,3500,875,875,"232 S Geneva St Unit 2, Ithaca, NY",OK
modernliving-259,modernliving,6,2,6000,1000,1000,"200 Highland Ave Unit 1-B, Ithaca, NY",OK
modernliving-258,modernliving,1,1,1850,1850,1850,"104 Harvard Pl Unit 7, Ithaca, NY",OK
modernliving-228,modernliving,5,2,6000,1200,1200,"711 E. Seneca St Unit 2, Ithaca, NY",OK
modernliving-108,modernliving,2,1,2250,1125,1125,"609 E State St , Ithaca, NY",OK
modernliving-173,modernliving,5,2,5875,1175,1175,"522 Stewart Ave Unit 3, Ithaca, NY",OK
modernliving-167,modernliving,4,2,5500,1375,1375,"230 Bryant Ave Unit 1, Ithaca, NY",OK
modernliving-264,modernliving,3,1,3075,1025,1025,"202 Stewart Ave Unit 1, Ithaca, NY",OK
modernliving-140,modernliving,2,1,2150,1075,1075,"113 Stewart Ave Unit 4, Ithaca, NY",OK
modernliving-216,modernliving,1,1,1500,1500,1500,"308 E Seneca St Unit 2B, Ithaca, NY",OK
modernliving-325,modernliving,2,1,2250,1125,1125,"504 Stewart Ave Unit 1C, Ithaca, NY",OK
modernliving-201,modernliving,3,1,2475,825,825,"213-215 Columbia St Unit 3, Ithaca, NY",OK
modernliving-299,modernliving,2,2,2600,1300,1300,"704 E. State St Unit AF, Ithaca, NY",OK
modernliving-53,modernliving,3,1,3600,1200,1200,"707 E. Seneca St Unit 3B, Ithaca, NY",OK
modernliving-220,modernliving,0,1,1500,1500,1500,"308 E Seneca St Unit 3A, Ithaca, NY",OK
modernliving-331,modernliving,0,1,1650,1650,1650,"504 Stewart Ave Unit D, Ithaca, NY",OK
modernliving-377,modernliving,1,1,3000,3000,3000,"201 Oak Avenue - G01, Ithaca, NY 14850",OK
modernliving-109,modernliving,6,2,5700,950,950,"609 E State St , Ithaca, NY",OK
modernliving-395,modernliving,1,1,3000,3000,3000,"325 College Ave - 206, Ithaca, NY 14850",OK
modernliving-394,modernliving,1,1,3000,3000,3000,"325 College Ave - 205, Ithaca, NY 14850",OK
modernliving-417,modernliving,3,3,5800,1933,1933,"325 College Ave - 204, Ithaca, NY 14850",OK
modernliving-401,modernliving,2,2,4380,2190,2190,"325 College Ave - 202, Ithaca, NY 14850",OK
modernliving-358,modernliving,14,6,14550,1039,1039,"613 E State St - Whole Complex, Ithaca, ",OK
modernliving-303,modernliving,3,1,3375,1125,1125,"101 N. Quarry Unit C, Ithaca, NY",OK
modernliving-310,modernliving,3,1,3300,1100,1100,"101 N. Quarry St Unit B, Ithaca, NY",OK
modernliving-241,modernliving,0,1,1700,1700,1700,"710 Stewart Ave Unit 7, Ithaca, NY",OK
modernliving-225,modernliving,0,1,1625,1625,1625,"109 Williams St Unit 1, Ithaca, NY",OK
modernliving-291,modernliving,2,1,2250,1125,1125,"504 Stewart Ave Unit 1, Ithaca, NY",OK
modernliving-379,modernliving,0,1,2800,2800,2800,"The Summit Unit 104, Ithaca, NY",OK
modernliving-391,modernliving,1,1,3000,3000,3000,"The Summit Unit 005, Ithaca, NY",OK
modernliving-262,modernliving,3,1,3375,1125,1125,"200 Highland Ave Unit 2-E, Ithaca, NY",OK
modernliving-142,modernliving,5,2,5125,1025,1025,"113 Stewart Ave Unit 1, Ithaca, NY",OK
modernliving-403,modernliving,0,1,2800,2800,2800,"The Summit Unit 110, Ithaca, NY",OK
modernliving-384,modernliving,4,4,7200,1800,1800,"The Summit Unit 109, Ithaca, NY",OK
modernliving-383,modernliving,3,2,5700,1900,1900,"The Summit Unit 108, Ithaca, NY",OK
modernliving-382,modernliving,2,2,4400,2200,2200,"The Summit Unit 107, Ithaca, NY",OK
modernliving-381,modernliving,1,1,3000,3000,3000,"The Summit Unit 106, Ithaca, NY",OK
modernliving-380,modernliving,1,1,3000,3000,3000,"The Summit Unit 105, Ithaca, NY",OK
modernliving-389,modernliving,2,2,4400,2200,2200,"201 Oak Avenue - 103, Ithaca, NY 14850",OK
modernliving-388,modernliving,2,2,4400,2200,2200,"The Summit Unit 102, Ithaca, NY",OK
modernliving-387,modernliving,3,3,6000,2000,2000,"The Summit Unit 101, Ithaca, NY",OK
modernliving-390,modernliving,1,1,3000,3000,3000,"The Summit Unit 004, Ithaca, NY",OK
modernliving-385,modernliving,0,1,3000,3000,3000,"The Summit Unit 003, Ithaca, NY",OK
modernliving-378,modernliving,2,2,4400,2200,2200,"The Summit Unit 002, Ithaca, NY",OK
modernliving-268,modernliving,3,1,2250,750,750,"412 E Marshall St - Unit 3, Ithaca, NY 1",OK
modernliving-270,modernliving,0,5,850,850,850,"200 Highland Ave - Entire Property, Itha",OK
modernliving-39,modernliving,3,2,2950,983,983,"1002 N. Aurora St. Unit 2, Ithaca, NY",OK
modernliving-290,modernliving,2,1,2200,1100,1100,"504 Stewart Ave Unit 2, Ithaca, NY",OK
modernliving-355,modernliving,3,1,3600,1200,1200,"601 E. State St Unit F, Ithaca, NY",OK
modernliving-354,modernliving,3,1,3600,1200,1200,"601 E. State St Unit E, Ithaca, NY",OK
modernliving-221,modernliving,1,1,1450,1450,1450,"308 E Seneca St Unit 3B, Ithaca, NY",OK
modernliving-219,modernliving,0,1,1500,1500,1500,"308 E Seneca St Unit 2A, Ithaca, NY",OK
modernliving-82,modernliving,4,2,3200,800,800,"605 S. Aurora St. House, Ithaca, NY",OK
modernliving-8,modernliving,3,1,3600,1200,1200,"707 E. Seneca St Unit 3A, Ithaca, NY",OK
modernliving-75,modernliving,3,1,3900,1300,1300,"707 E. Seneca St Unit 1A, Ithaca, NY",OK
modernliving-137,modernliving,2,1,2000,1000,1000,"110 Stewart Ave Unit 4, Ithaca, NY",OK
modernliving-307,modernliving,2,1,2500,1250,1250,"103 N. Quarry St Unit C, Ithaca, NY",OK
modernliving-338,modernliving,3,1,3300,1100,1100,"103 N. Quarry St Unit B, Ithaca, NY",OK
modernliving-227,modernliving,4,2,4600,1150,1150,"711 E. Seneca St Unit 1, Ithaca, NY",OK
modernliving-205,modernliving,4,2,4600,1150,1150,"601 E. State St Unit A, Ithaca, NY",OK
modernliving-171,modernliving,5,2,6100,1220,1220,"522 Stewart Ave Unit 1, Ithaca, NY",OK
modernliving-195,modernliving,2,2,2000,1000,1000,"518 Linn St Unit 3, Ithaca, NY",OK
modernliving-234,modernliving,3,2,3450,1150,1150,"404 University Ave Unit 4, Ithaca, NY",OK
modernliving-96,modernliving,0,1,1150,1150,1150,"232 S Geneva St Unit 5, Ithaca, NY",OK
modernliving-165,modernliving,2,1,2000,1000,1000,"112 Stewart Ave Unit 3 , Ithaca, NY",OK
modernliving-320,modernliving,2,1,2650,1325,1325,"104 Harvard Pl Unit 6, Ithaca, NY",OK
modernliving-257,modernliving,0,1,1800,1800,1800,"104 Harvard Pl Unit 3  , Ithaca, NY",OK
modernliving-233,modernliving,3,2,3450,1150,1150,"404 University Ave Unit 3 , Ithaca, NY",OK
modernliving-239,modernliving,2,1,2400,1200,1200,"710 Stewart Ave Unit 5, Ithaca, NY",OK
modernliving-232,modernliving,1,1,1700,1700,1700,"404 University Ave Unit 5, Ithaca, NY",OK
modernliving-40,modernliving,3,1,2700,900,900,"1002 N. Aurora St. Unit 3, Ithaca, NY",OK
modernliving-147,modernliving,0,1,1650,1650,1650,"110 Stewart Ave Unit 1, Ithaca, NY",OK
modernliving-238,modernliving,2,1,2350,1175,1175,"710 Stewart Ave Unit 4, Ithaca, NY",OK
modernliving-236,modernliving,2,1,2200,1100,1100,"710 Stewart Ave Unit 2, Ithaca, NY",OK
modernliving-332,modernliving,0,1,1650,1650,1650,"504 Stewart Ave Unit A , Ithaca, NY",OK
modernliving-138,modernliving,2,1,2150,1075,1075,"113 Stewart Ave Unit 3, Ithaca, NY",OK
modernliving-209,modernliving,3,1,2625,875,875,"1005 - 1007 N Aurora St Unit 2, Ithaca, ",OK
modernliving-215,modernliving,4,2,4500,1125,1125,"308 Stewart Ave Unit 4, Ithaca, NY",OK
modernliving-285,modernliving,5,2,5000,1000,1000,"200 Highland Ave Unit 2-D, Ithaca, NY",OK
modernliving-57,modernliving,3,2,2950,983,983,"1002 N. Aurora St. Unit 1 , Ithaca, NY",OK
modernliving-287,modernliving,2,1,2650,1325,1325,"105 Highland Place Unit 6, Ithaca, NY",OK
modernliving-226,modernliving,3,1,3600,1200,1200,"109 Williams St Unit 3, Ithaca, NY",OK
modernliving-169,modernliving,1,1,1875,1875,1875,"230 Bryant Ave Unit 3, Ithaca, NY",OK
modernliving-76,modernliving,3,2,2700,900,900,"217 Columbia St. - Unit C, Ithaca, NY 14",OK
modernliving-52,modernliving,3,2,2700,900,900,"217 Columbia St. - Unit D, Ithaca, NY 14",OK
modernliving-212,modernliving,4,2,4600,1150,1150,"308 Stewart Ave Unit 1, Ithaca, NY",OK
modernliving-179,modernliving,4,2,4600,1150,1150,"528 Stewart Ave Unit 3, Ithaca, NY",OK
modernliving-218,modernliving,2,1,1800,900,900,"1005 - 1007 N Aurora St Unit 3, Ithaca, ",OK
modernliving-230,modernliving,3,1,2925,975,975,"711 E. Seneca St Unit 4, Ithaca, NY",OK
modernliving-240,modernliving,2,1,2400,1200,1200,"710 Stewart Ave Unit 6, Ithaca, NY",OK
modernliving-235,modernliving,4,1.5,4300,1075,1075,"710 Stewart Ave Unit 1, Ithaca, NY",OK
modernliving-329,modernliving,4,2,4500,1125,1125,"504 Stewart Ave Unit 8, Ithaca, NY",OK
modernliving-319,modernliving,2,1,2250,1125,1125,"504 Stewart Ave Unit 5, Ithaca, NY",OK
modernliving-113,modernliving,2,1,2850,1425,1425,"306 Bryant Ave Unit 1, Ithaca, NY",OK
modernliving-97,modernliving,1,1,1550,1550,1550,"232 S Geneva St Unit 1, Ithaca, NY",OK
modernliving-170,modernliving,0,1,1750,1750,1750,"230 Bryant Ave Unit 4, Ithaca, NY",OK
modernliving-253,modernliving,4,1,3800,950,950,"202 Stewart Ave Unit 3, Ithaca, NY",OK
modernliving-194,modernliving,3,1,2550,850,850,"518 Linn St Unit 2, Ithaca, NY",OK
modernliving-224,modernliving,3,1,3600,1200,1200,"109 Williams St Unit 4, Ithaca, NY",OK
modernliving-231,modernliving,3,1,3375,1125,1125,"105 Highland Place Unit 7, Ithaca, NY",OK
modernliving-309,modernliving,2,1,2500,1250,1250,"702 E. State St Unit C, Ithaca, NY",OK
modernliving-104,modernliving,3,1,3100,1033,1033,"815 S Aurora St - 3 Bedroom, Ithaca, NY ",OK
modernliving-105,modernliving,4,1,3700,925,925,"815 S Aurora St - 4 Bedroom, Ithaca, NY ",OK
modernliving-102,modernliving,2,1,2200,1100,1100,"815 S Aurora St - 2 Bedroom, Ithaca, NY ",OK
modernliving-103,modernliving,1,1,1800,1800,1800,"815 S Aurora St - 1 Bedroom, Ithaca, NY ",OK
ppmhomes-280,ppmhomes,3,1.5,2700,900,900,"211 Linden Avenue - 19, Ithaca, NY 14850",OK
ppmhomes-291,ppmhomes,3,1.5,2700,900,900,"211 Linden Avenue - 14, Ithaca, NY 14850",OK
ppmhomes-419,ppmhomes,3,1,1950,650,650,"403 S Cayuga Street - 2, Ithaca, NY 1485",OK
ppmhomes-304,ppmhomes,6,2,3900,650,650,"119-121 Prospect St - 119-121, 119+ PRO,",OK
ppmhomes-417,ppmhomes,1,1.5,1000,1000,1000,"401 College Avenue - 2a, Ithaca, NY 1485",OK
ppmhomes-210,ppmhomes,2,1,1100,550,550,"501 N Tioga St #3B, Ithaca, NY 14850",OK
ppmhomes-124,ppmhomes,0,1,650,650,650,"119 Prospect St, Ithaca, NY 14850",OK
ppmhomes-11,ppmhomes,2,1,1450,725,725,"220-222 West Spencer Street - 222 #5, It",OK
ppmhomes-8,ppmhomes,0,1,1075,1075,1075,"220-222 West Spencer Street - 222 #2, It",OK
ppmhomes-50,ppmhomes,3,1,2100,700,700,"320 Hillview Place #7, Ithaca, NY 14850",OK
ppmhomes-51,ppmhomes,3,1,1890,630,630,"320 Hillview Place #3, Ithaca, NY 14850",OK
ppmhomes-133,ppmhomes,2,1,1950,975,975,"510 E Seneca St #6, Ithaca, NY 14850",OK
ppmhomes-38,ppmhomes,2,1,1425,712,712,"123 Prospect St #1R, Ithaca, NY 14850",OK
ppmhomes-32,ppmhomes,2,1,1850,925,925,"510 E Seneca St #2, Ithaca, NY 14850",OK
ppmhomes-4,ppmhomes,0,1,950,950,950,"220-222 West Spencer Street - 220 #3, It",OK
ppmhomes-20,ppmhomes,2,1,2200,1100,1100,"112 W Buffalo St, Ithaca, NY 14850",OK
ppmhomes-415,ppmhomes,2,1.5,1950,975,975,"115 James Street - 13, Ithaca, NY 14850",OK
ppmhomes-134,ppmhomes,3,1,1975,658,658,"121 Prospect St, Ithaca, NY 14850",OK
ppmhomes-3,ppmhomes,0,1,1075,1075,1075,"220-222 West Spencer Street - 220 #2, It",OK
ppmhomes-401,ppmhomes,1,1,1475,1475,1475,"908 Danby Road - 4, Ithaca, NY 14850",OK
ppmhomes-208,ppmhomes,1,1,1450,1450,1450,"310-312 East Buffalo - #6, Ithaca, NY 14",OK
ppmhomes-91,ppmhomes,1,1,1275,1275,1275,"308 Fairmount Ave - #2, Ithaca, NY 14850",OK
ppmhomes-233,ppmhomes,2,1,1425,712,712,"123 Prospect Street - 2R, 123 PRO, Ithac",OK
ppmhomes-26,ppmhomes,2,1,1675,838,838,"320 Hillview Place #5, Ithaca, NY 14850",OK
ppmhomes-346,ppmhomes,0,3.5,595,595,595,"222 S Geneva St., Ithaca, NY 14850",OK
ppmhomes-234,ppmhomes,3,1,2200,733,733,"410 S Aurora Street - 2, Ithaca, NY 1485",OK
ppmhomes-399,ppmhomes,2,1,1675,838,838,"403 S Cayuga - 1, Ithaca, NY 14850",OK
ppmhomes-412,ppmhomes,0,1,1150,1150,1150,"118 Hudson Steet - Studio 3, Ithaca, NY ",OK
ppmhomes-180,ppmhomes,2,1,2350,1175,1175,"501 N Tioga St #4B, Ithaca, NY 14850",OK
ppmhomes-144,ppmhomes,1,1,1350,1350,1350,"308 Fairmount Ave - #5, Ithaca, NY 14850",OK
ppmhomes-382,ppmhomes,3,1.5,2150,717,717,"312 S Aurora St, Ithaca, NY 14850",OK
ppmhomes-201,ppmhomes,2,1,1700,850,850,"320 Hillview Place #2, Ithaca, NY 14850",OK
ppmhomes-7,ppmhomes,0,1,975,975,975,"220-222 West Spencer Street - 222 #1, It",OK
ppmhomes-131,ppmhomes,3,2,2400,800,800,"201 S Aurora St #1, Ithaca, NY 14850",OK
ppmhomes-249,ppmhomes,2,1,2075,1038,1038,"123 Columbia St #2, Ithaca, NY 14850",OK
ppmhomes-172,ppmhomes,2,1,2100,1050,1050,"114-118 Buffalo Street - 114 #2, Ithaca,",OK
ppmhomes-105,ppmhomes,3,1,2175,725,725,"502 S Aurora St #1, Ithaca, NY 14850",OK
ppmhomes-57,ppmhomes,2,1.5,1900,950,950,"514 S Aurora St #1, Ithaca, NY 14850",OK
ppmhomes-44,ppmhomes,1,1,1325,1325,1325,"514 S Aurora St #3B, Ithaca, NY 14850",OK
ppmhomes-212,ppmhomes,2,1,1650,825,825,"514 S Aurora St #2, Ithaca, NY 14850",OK
ppmhomes-246,ppmhomes,4,2,3100,775,775,"309 S Aurora Street - 2, 309 AUR S, Itha",OK
ppmhomes-102,ppmhomes,2,1,1700,850,850,"308 Fairmount Ave - #1, Ithaca, NY 14850",OK
ppmhomes-410,ppmhomes,3,1.5,2300,767,767,"115 James Street - 14, Ithaca, NY 14850",OK
ppmhomes-287,ppmhomes,3,1.5,2700,900,900,"211 Linden Avenue - 13, Ithaca, NY 14850",OK
ppmhomes-327,ppmhomes,3,1.5,3435,1145,1145,"211 Linden Avenue - 10, Ithaca, NY 14850",OK
ppmhomes-379,ppmhomes,4,1.5,4000,1000,1000,"401 College Avenue - 2, Ithaca, NY 14850",OK
ppmhomes-79,ppmhomes,4,2,2750,688,688,"310 S Aurora Street, Ithaca, NY 14850",OK
ppmhomes-386,ppmhomes,1,1,1950,1950,1950,"400 College Avenue - 504, Ithaca, NY 148",OK
ppmhomes-359,ppmhomes,1,1,1950,1950,1950,"400 College Avenue - 404, Ithaca, NY 148",OK
ridgetop-109-dryden-road,ridgetop,2,1,0,0,0,"109 Dryden Road, Ithaca, NY",OK
ridgetop-311-eddy-street,ridgetop,1,1,0,0,0,"311 Eddy Street, Ithaca, NY",OK
ridgetop-327-eddy-street,ridgetop,1,1,0,0,0,"327 Eddy Street, Ithaca, NY",OK
ridgetop-401-eddy-street,ridgetop,2,1,0,0,0,"401 Eddy Street, Ithaca, NY",OK
strawberry-117-stewart-avenue,strawberry,0,0,0,0,0,"117 Stewart Avenue, Ithaca, NY",OK
strawberry-120-wait-avenue,strawberry,0,0,0,0,0,"120 Wait Avenue, Ithaca, NY",OK
strawberry-125-127-n-quarry-street,strawberry,7,0,0,0,0,"125 127 N Quarry Street, Ithaca, NY",OK
strawberry-205-wyckoff-avenue,strawberry,3,1.5,0,0,0,"205 Wyckoff Avenue, Ithaca, NY",OK
strawberry-419-wyckoff-avenue,strawberry,3,0,0,0,0,"419 Wyckoff Avenue, Ithaca, NY",OK
strawberry-508-stewart-ave,strawberry,0,0,0,0,0,"508 Stewart Ave, Ithaca, NY",OK
strawberry-514-edgewood-place,strawberry,0,6.5,0,0,0,"514 Edgewood Place, Ithaca, NY",OK
strawberry-611-east-seneca-street,strawberry,0,0,0,0,0,"611 East Seneca Street, Ithaca, NY",OK
strawberry-712-buffalo-street,strawberry,7,3,0,0,0,"712 Buffalo Street, Ithaca, NY",OK
travishyde-202,travishyde,2,1,1540,770,770,"319 Highland Road, 7A, Ithaca, NY 14850",OK
travishyde-196,travishyde,2,1,1540,770,770,"319 Highland Road, 2A, Ithaca, NY 14850",OK
travishyde-131,travishyde,2,1,1590,795,795,"934 Stewart Avenue, 35, Ithaca, NY 14850",OK
travishyde-138,travishyde,3,1,1800,600,600,"319 Highland Road, 1D, Ithaca, NY 14850",OK
travishyde-197,travishyde,2,1,1540,770,770,"319 Highland Road, 2B, Ithaca, NY 14850",OK
travishyde-89,travishyde,2,1,1850,925,925,"171 E State St, 309, Ithaca, NY 14850",OK
travishyde-213,travishyde,3,2,3900,1300,1300,"311 E. Green St, 5C, Ithaca, NY 14850",OK
travishyde-223,travishyde,1,1,2405,2405,2405,"311 E. Green St, 4B, Ithaca, NY 14850",OK
travishyde-204,travishyde,3,2,3900,1300,1300,"311 E. Green St, 3C, Ithaca, NY 14850",OK
travishyde-51,travishyde,2,2,3150,1575,1575,"311 E. Green St, 2D, Ithaca, NY 14850",OK
travishyde-10,travishyde,2,1,2785,1392,1392,"314-320 East State Street, 701, Ithaca, ",OK
travishyde-167,travishyde,5,1,1800,360,360,"516 University Ave, Ithaca, NY 14850",pp<500
travishyde-264,travishyde,0,2,700,700,700,"516 University Ave, Ithaca, NY 14850",OK
travishyde-57,travishyde,5,2,2200,440,440,"516 University Ave, Ithaca, NY 14850",pp<500
travishyde-216,travishyde,1,1,1845,1845,1845,"171 E State St, 343, Ithaca, NY 14850",OK
travishyde-219,travishyde,1,1,1625,1625,1625,"171 E State St, 350, Ithaca, NY 14850",OK
travishyde-1,travishyde,1,1,1950,1950,1950,"311 E. Green St, 1A, Ithaca, NY 14850",OK
travishyde-142,travishyde,2,1,1565,782,782,"934 Stewart Avenue, 13, Ithaca, NY 14850",OK
travishyde-27,travishyde,2,1,1609,804,804,"934 Stewart Avenue, 15, Ithaca, NY 14850",OK
travishyde-128,travishyde,2,1,1660,830,830,"934 Stewart Avenue, 22, Ithaca, NY 14850",OK
travishyde-150,travishyde,4,2,4920,1230,1230,"407 College Ave, 1B, Ithaca, NY 14850",OK
travishyde-259,travishyde,2,1,1740,870,870,"319 Highland Road, 2C, Ithaca, NY 14850",OK
travishyde-125,travishyde,2,2,2190,1095,1095,"100 West Buffalo, 2BC, Ithaca, NY 14850",OK
travishyde-146,travishyde,2,1,1775,888,888,"400 Triphammer Road K2 , Ithaca, NY 1485",OK
travishyde-187,travishyde,2,0,1760,880,880,"8 Country Club Road - 7, Ithaca, NY 1485",OK
travishyde-83,travishyde,2,0,1760,880,880,"8 Country Club Road - 4 , Ithaca, NY 148",OK
travishyde-55,travishyde,2,0,1760,880,880,"8 Country Club Road - 26, Ithaca, NY 148",OK
travishyde-184,travishyde,2,0,1760,880,880,"8 Country Club Road - 10, Ithaca, NY 148",OK
travishyde-147,travishyde,2,1,1650,825,825,"400 Triphammer Road L5 , Ithaca, NY 1485",OK
travishyde-230,travishyde,1,1,2405,2405,2405,"311 E. Green St, 5B, Ithaca, NY 14850",OK
travishyde-151,travishyde,0,1,1800,1800,1800,"314-320 East State Street, 402, Ithaca, ",OK
travishyde-225,travishyde,2,1,1910,955,955,"171 E State St, 310, Ithaca, NY 14850",OK
travishyde-38,travishyde,3,1,1800,600,600,"319 Highland Road, 5H, Ithaca, NY 14850",OK
travishyde-25,travishyde,1,1,2655,2655,2655,"407 College Ave, 4E, Ithaca, NY 14850",OK
travishyde-47,travishyde,4,2,4920,1230,1230,"407 College Ave, 1A-2, Ithaca, NY 14850",OK
travishyde-200,travishyde,1,1,1390,1390,1390,"319 Highland Road, 4B-1, Ithaca, NY 1485",OK
travishyde-165,travishyde,5,2,3500,700,700,"516 University Ave, Ithaca, NY 14850",OK
travishyde-48,travishyde,4,2,4920,1230,1230,"407 College Ave, 2A-2, Ithaca, NY 14850",OK
travishyde-208,travishyde,1,1,1460,1460,1460,"319 Highland Road, 5B-1, Ithaca, NY 1485",OK
travishyde-123,travishyde,2,1,2145,1072,1072,"306 North Cayuga St., 1A, Ithaca, NY 148",OK
travishyde-195,travishyde,1,1,1390,1390,1390,"319 Highland Road, 1C-1, Ithaca, NY 1485",OK
travishyde-169,travishyde,2,1,1540,770,770,"319 Highland Road, 7C, Ithaca, NY 14850",OK
travishyde-84,travishyde,2,0,1760,880,880,"8 Country Club Road - 1, Ithaca, NY 1485",OK
travishyde-73,travishyde,1,1,1786,1786,1786,"100 West Buffalo, 1E, Ithaca, NY 14850",OK
travishyde-26,travishyde,3,1,2205,735,735,"934 Stewart Avenue, 14, Ithaca, NY 14850",OK
cuapts-1,cuapts,0,0,0,0,0,"1 Sanctuary Dr, Ithaca, NY",OK
cuapts-10,cuapts,0,0,0,0,0,"117 Prospect St, Ithaca, NY",OK
cuapts-100,cuapts,0,0,0,0,0,"156 E. State St, Ithaca, NY",OK
cuapts-101,cuapts,0,0,0,0,0,"212 E. State St, Ithaca, NY",OK
cuapts-102,cuapts,0,0,0,0,0,"222 S. Aurora St, Ithaca, NY",OK
cuapts-103,cuapts,0,0,0,0,0,"319 College Ave, Ithaca, NY",OK
cuapts-104,cuapts,0,0,0,0,0,"408 College Ave, Ithaca, NY",OK
cuapts-105,cuapts,0,0,0,0,0,"109 College Ave, Ithaca, NY",OK
cuapts-106,cuapts,0,0,0,0,0,"227 Linden Ave, Ithaca, NY",OK
cuapts-107,cuapts,0,0,0,0,0,"117 Eddy St, Ithaca, NY",OK
cuapts-108,cuapts,0,0,0,0,0,"118 Eddy St, Ithaca, NY",OK
cuapts-109,cuapts,0,0,0,0,0,"119 Eddy St, Ithaca, NY",OK
cuapts-11,cuapts,0,0,0,0,0,"218 Delaware Ave, Ithaca, NY",OK
cuapts-110,cuapts,0,0,1220,1220,1220,"400 Stewart Ave, Ithaca, NY",OK
cuapts-111,cuapts,0,0,0,0,0,"401 Stewart Ave, Ithaca, NY",OK
cuapts-112,cuapts,0,0,0,0,0,"402 Stewart Ave, Ithaca, NY",OK
cuapts-113,cuapts,0,0,0,0,0,"403 Stewart Ave, Ithaca, NY",OK
cuapts-114,cuapts,0,0,0,0,0,"404 Stewart Ave, Ithaca, NY",OK
cuapts-115,cuapts,0,0,0,0,0,"507 E. Buffalo St, Ithaca, NY",OK
cuapts-116,cuapts,0,0,0,0,0,"140 Seneca Way, Ithaca, NY",OK
cuapts-117,cuapts,0,0,0,0,0,"408 Stewart Ave, Ithaca, NY",OK
cuapts-118,cuapts,0,0,0,0,0,"201 Highgate Rd, Ithaca, NY",OK
cuapts-119,cuapts,0,0,0,0,0,"513 Elm St, Ithaca, NY",OK
cuapts-12,cuapts,0,0,0,0,0,"506 S. Cayuga St, Ithaca, NY",OK
cuapts-120,cuapts,0,0,0,0,0,"116 Osmun Pl, Ithaca, NY",OK
cuapts-121,cuapts,0,0,0,0,0,"204 N. Cayuga St, Ithaca, NY",OK
cuapts-122,cuapts,0,0,0,0,0,"321 E. Falls St, Ithaca, NY",OK
cuapts-123,cuapts,0,0,0,0,0,"406 Stewart Ave, Ithaca, NY",OK
cuapts-124,cuapts,0,0,0,0,0,"408 University Ave, Ithaca, NY",OK
cuapts-125,cuapts,0,0,0,0,0,"108 W. Buffalo St, Ithaca, NY",OK
cuapts-126,cuapts,0,0,0,0,0,"411 N. Cayuga St, Ithaca, NY",OK
cuapts-127,cuapts,0,0,0,0,0,"909 N. Cayuga St, Ithaca, NY",OK
cuapts-128,cuapts,0,0,0,0,0,"507 E. Buffalo St, Ithaca, NY",OK
cuapts-129,cuapts,0,0,0,0,0,"210 Lake St, Ithaca, NY",OK
cuapts-13,cuapts,0,0,0,0,0,"116 Ferris Place, Ithaca, NY",OK
cuapts-130,cuapts,0,0,0,0,0,"709 Stewart Ave, Ithaca, NY",OK
cuapts-131,cuapts,0,0,0,0,0,"120-126 Westbourne Lane, Ithaca, NY",OK
cuapts-132,cuapts,0,0,0,0,0,"110 Heights Court, Ithaca, NY",OK
cuapts-133,cuapts,0,0,0,0,0,"114 Catherine St, Ithaca, NY",total!=raw
cuapts-134,cuapts,0,0,0,0,0,"116 Catherine St, Ithaca, NY",total!=raw
cuapts-135,cuapts,0,0,0,0,0,"118 Catherine St, Ithaca, NY",OK
cuapts-136,cuapts,0,0,0,0,0,"301 Eddy St, Ithaca, NY",OK
cuapts-137,cuapts,0,0,0,0,0,"303 Eddy St, Ithaca, NY",OK
cuapts-138,cuapts,0,0,0,0,0,"305 Eddy St, Ithaca, NY",OK
cuapts-139,cuapts,0,0,0,0,0,"307 Eddy St, Ithaca, NY",OK
cuapts-14,cuapts,0,0,0,0,0,"106 Valentine Place, Ithaca, NY",total!=raw
cuapts-140,cuapts,0,0,0,0,0,"309 Eddy St, Ithaca, NY",OK
cuapts-141,cuapts,0,0,0,0,0,"320 Dryden Rd, Ithaca, NY",OK
cuapts-142,cuapts,0,0,0,0,0,"407 Eddy St, Ithaca, NY",OK
cuapts-143,cuapts,0,0,0,0,0,"414 Eddy St, Ithaca, NY",OK
cuapts-144,cuapts,0,0,0,0,0,"125 1/2 Eddy St, Ithaca, NY",OK
cuapts-145,cuapts,0,0,0,0,0,"103 Eddy St, Ithaca, NY",OK
cuapts-146,cuapts,0,0,0,0,0,"106 Highland Pl, Ithaca, NY",OK
cuapts-147,cuapts,0,0,0,0,0,"125 Eddy St, Ithaca, NY",OK
cuapts-148,cuapts,0,0,0,0,0,"131 N. Quarry St, Ithaca, NY",total!=raw
cuapts-149,cuapts,0,0,0,0,0,"113 Cook St, Ithaca, NY",total!=raw
cuapts-15,cuapts,0,0,0,0,0,"313 Wait Ave, Ithaca, NY",OK
cuapts-150,cuapts,0,0,0,0,0,"121 Catherine St, Ithaca, NY",OK
cuapts-151,cuapts,0,0,0,0,0,"133 Blair St, Ithaca, NY",OK
cuapts-152,cuapts,0,0,0,0,0,"801 E. Seneca St, Ithaca, NY",OK
cuapts-153,cuapts,0,0,0,0,0,"133 N. Quarry St, Ithaca, NY",OK
cuapts-154,cuapts,0,0,0,0,0,"202 Eddy St, Ithaca, NY",OK
cuapts-155,cuapts,0,0,0,0,0,"410 Elmwood St, Ithaca, NY",OK
cuapts-156,cuapts,0,0,0,0,0,"305 Oak Ave, Ithaca, NY",OK
cuapts-157,cuapts,0,0,0,0,0,"114 Summit St, Ithaca, NY",total!=raw
cuapts-158,cuapts,0,0,0,0,0,"201 College Ave, Ithaca, NY",OK
cuapts-159,cuapts,0,0,0,0,0,"126 College Ave, Ithaca, NY",OK
cuapts-16,cuapts,0,0,0,0,0,"210 Stewart Ave, Ithaca, NY",OK
cuapts-160,cuapts,0,0,0,0,0,"648 Hudson St, Ithaca, NY",OK
cuapts-161,cuapts,0,0,0,0,0,"702 Hudson St, Ithaca, NY",OK
cuapts-162,cuapts,0,0,0,0,0,"108 Ferris Pl, Ithaca, NY",OK
cuapts-163,cuapts,0,0,1162,1162,1162,"710 Stewart Ave, Ithaca, NY",OK
cuapts-164,cuapts,0,0,0,0,0,"111 Blair St, Ithaca, NY",OK
cuapts-165,cuapts,0,0,0,0,0,"105 N Quarry St, Ithaca, NY",OK
cuapts-166,cuapts,0,0,1175,1175,1175,"711 E Seneca St, Ithaca, NY",OK
cuapts-167,cuapts,0,0,0,0,0,"515 E State St, Ithaca, NY",OK
cuapts-168,cuapts,0,0,0,0,0,"527 E Buffalo St, Ithaca, NY",OK
cuapts-169,cuapts,0,0,0,0,0,"523 E Buffalo St, Ithaca, NY",OK
cuapts-17,cuapts,0,0,0,0,0,"546 Warren Rd, Ithaca, NY",OK
cuapts-170,cuapts,0,0,0,0,0,"519 E Buffalo St, Ithaca, NY",OK
cuapts-171,cuapts,0,0,0,0,0,"201 Williams St, Ithaca, NY",OK
cuapts-172,cuapts,0,0,0,0,0,"202 Williams St, Ithaca, NY",OK
cuapts-173,cuapts,0,0,0,0,0,"203 Williams St, Ithaca, NY",OK
cuapts-174,cuapts,0,0,0,0,0,"205 Williams St, Ithaca, NY",OK
cuapts-175,cuapts,0,0,0,0,0,"207 Williams St, Ithaca, NY",OK
cuapts-176,cuapts,0,0,0,0,0,"208 Williams St, Ithaca, NY",OK
cuapts-177,cuapts,0,0,0,0,0,"209 Williams St, Ithaca, NY",OK
cuapts-178,cuapts,0,0,0,0,0,"210 Williams St, Ithaca, NY",OK
cuapts-179,cuapts,0,0,0,0,0,"211 Williams St, Ithaca, NY",OK
cuapts-18,cuapts,0,0,0,0,0,"705 Giles St, Ithaca, NY",OK
cuapts-180,cuapts,0,0,0,0,0,"105 Dewitt Pl, Ithaca, NY",OK
cuapts-181,cuapts,0,0,0,0,0,"109 Dewitt Pl, Ithaca, NY",OK
cuapts-182,cuapts,0,0,0,0,0,"111 Dewitt Pl, Ithaca, NY",OK
cuapts-183,cuapts,0,0,0,0,0,"113 Dewitt Pl, Ithaca, NY",total!=raw
cuapts-184,cuapts,0,0,0,0,0,"115 Dewitt Pl, Ithaca, NY",OK
cuapts-185,cuapts,0,0,0,0,0,"117 Dewitt Pl, Ithaca, NY",OK
cuapts-186,cuapts,0,0,0,0,0,"514 E. Buffalo St, Ithaca, NY",OK
cuapts-187,cuapts,0,0,0,0,0,"516 E. Buffalo St, Ithaca, NY",OK
cuapts-188,cuapts,0,0,0,0,0,"614 E. Buffalo St, Ithaca, NY",total!=raw
cuapts-189,cuapts,0,0,0,0,0,"715 E. Buffalo St, Ithaca, NY",OK
cuapts-19,cuapts,0,0,0,0,0,"132A E. Spencer St, Ithaca, NY",OK
cuapts-190,cuapts,0,0,0,0,0,"102 Highland Pl, Ithaca, NY",OK
cuapts-191,cuapts,0,0,0,0,0,"103 Highland Pl, Ithaca, NY",total!=raw
cuapts-192,cuapts,0,0,0,0,0,"110 Highland Pl, Ithaca, NY",OK
cuapts-193,cuapts,0,0,0,0,0,"112 Highland Pl, Ithaca, NY",OK
cuapts-194,cuapts,0,0,0,0,0,"114 Highland Pl, Ithaca, NY",OK
cuapts-195,cuapts,0,0,0,0,0,"123 Highland Pl, Ithaca, NY",OK
cuapts-196,cuapts,0,0,0,0,0,"125 Highland Pl, Ithaca, NY",total!=raw
cuapts-197,cuapts,0,0,0,0,0,"312 Thurston Ave, Ithaca, NY",OK
cuapts-198,cuapts,0,0,1300,1300,1300,"105 Highland Pl, Ithaca, NY",OK
cuapts-199,cuapts,0,0,0,0,0,"134 College Ave, Ithaca, NY",OK
cuapts-2,cuapts,0,0,0,0,0,"1067 Warren Rd, Ithaca, NY",OK
cuapts-20,cuapts,0,0,0,0,0,"401 S. Aurora St, Ithaca, NY",OK
cuapts-200,cuapts,0,0,0,0,0,"208 Delaware Ave, Ithaca, NY",OK
cuapts-201,cuapts,0,0,900,900,900,"211 Linden Ave, Ithaca, NY",OK
cuapts-202,cuapts,0,0,1150,1150,1150,"308 Stewart Ave, Ithaca, NY",OK
cuapts-203,cuapts,0,0,1950,1950,1950,"400 College Ave, Ithaca, NY",OK
cuapts-204,cuapts,0,0,1000,1000,1000,"401 College Ave, Ithaca, NY",OK
cuapts-205,cuapts,0,0,0,0,0,"403 College Ave, Ithaca, NY",OK
cuapts-206,cuapts,0,0,1072,1072,1072,"306 N. Cayuga St, Ithaca, NY",OK
cuapts-207,cuapts,0,0,1230,1230,1230,"407 College Ave, Ithaca, NY",OK
cuapts-208,cuapts,0,0,1562,1562,1562,"314-320 E. State St, Ithaca, NY",OK
cuapts-209,cuapts,0,0,0,0,0,"100 W. Buffalo St, Ithaca, NY",OK
cuapts-21,cuapts,0,0,0,0,0,"110 Cook St, Ithaca, NY",OK
cuapts-210,cuapts,0,0,1290,1290,1290,"171 E. State St, Ithaca, NY",OK
cuapts-211,cuapts,0,0,0,0,0,"110 Dryden Rd, Ithaca, NY",total!=raw
cuapts-212,cuapts,0,0,795,795,795,"934 Stewart Ave, Ithaca, NY",OK
cuapts-213,cuapts,0,0,0,0,0,"106-112 Lake St, Ithaca, NY",OK
cuapts-214,cuapts,0,0,770,770,770,"319 Highland Rd, Ithaca, NY",OK
cuapts-215,cuapts,0,0,440,440,440,"516 University Ave, Ithaca, NY",pp<500
cuapts-216,cuapts,0,0,0,0,0,"400 Triphammer Rd, Ithaca, NY",OK
cuapts-217,cuapts,0,0,0,0,0,"321 N. Tioga St, Ithaca, NY",OK
cuapts-218,cuapts,0,0,0,0,0,"150 Highland Ave, Ithaca, NY",OK
cuapts-219,cuapts,0,0,1100,1100,1100,"101-103 N. Quarry St, Ithaca, NY",OK
cuapts-22,cuapts,0,0,0,0,0,"478 Etna Rd, Ithaca, NY",OK
cuapts-220,cuapts,0,0,1100,1100,1100,"702-704 E. State St, Ithaca, NY",OK
cuapts-221,cuapts,0,0,1325,1325,1325,"104 Harvard Pl, Ithaca, NY",OK
cuapts-222,cuapts,0,0,0,0,0,"105 Worth St, Ithaca, NY",OK
cuapts-223,cuapts,0,0,0,0,0,"107 Elmwood Ave, Ithaca, NY",OK
cuapts-224,cuapts,0,0,0,0,0,"108 Stewart Ave, Ithaca, NY",OK
cuapts-225,cuapts,0,0,0,0,0,"127 College Ave, Ithaca, NY",OK
cuapts-226,cuapts,0,0,1000,1000,1000,"200 Highland Ave, Ithaca, NY",OK
cuapts-227,cuapts,0,0,650,650,650,"202 Prospect St, Ithaca, NY",OK
cuapts-228,cuapts,0,0,0,0,0,"206 Prospect St, Ithaca, NY",OK
cuapts-229,cuapts,0,0,0,0,0,"398 Triphammer Rd, Ithaca, NY",OK
cuapts-23,cuapts,0,0,0,0,0,"310 Turner Pl, Ithaca, NY",OK
cuapts-230,cuapts,0,0,1125,1125,1125,"504 Stewart Avenue, Ithaca, NY",OK
cuapts-231,cuapts,0,0,1075,1075,1075,"710 E. State St, Ithaca, NY",OK
cuapts-232,cuapts,0,0,0,0,0,"835 Taughannock Blvd, Ithaca, NY",OK
cuapts-233,cuapts,0,0,0,0,0,"893 Taughannock Blvd, Ithaca, NY",OK
cuapts-234,cuapts,0,0,0,0,0,"921 Taughannock Blvd, Ithaca, NY",OK
cuapts-235,cuapts,0,0,0,0,0,"506 Dryden Rd, Ithaca, NY",OK
cuapts-236,cuapts,0,0,0,0,0,"304 Bryant Ave, Ithaca, NY",OK
cuapts-237,cuapts,0,0,0,0,0,"301 College Ave, Ithaca, NY",total!=raw
cuapts-238,cuapts,0,0,0,0,0,"312 College Ave, Ithaca, NY",total!=raw
cuapts-239,cuapts,0,0,0,0,0,"626 Stewart Ave, Ithaca, NY",OK
cuapts-24,cuapts,0,0,0,0,0,"204 Miller St, Ithaca, NY",OK
cuapts-240,cuapts,0,0,0,0,0,"219 Eddy Street, Ithaca, NY",OK
cuapts-241,cuapts,0,0,0,0,0,"419 Wyckoff Ave, Ithaca, NY",OK
cuapts-242,cuapts,0,0,0,0,0,"226 Bryant Avenue, Ithaca, NY",OK
cuapts-243,cuapts,0,0,0,0,0,"238 Linden Ave, Ithaca, NY",OK
cuapts-244,cuapts,0,0,0,0,0,"409 College Ave, Ithaca, NY",OK
cuapts-245,cuapts,0,0,0,0,0,"205 Dryden Rd, Ithaca, NY",OK
cuapts-246,cuapts,0,0,1150,1150,1150,"404 University Avenue, Ithaca, NY",OK
cuapts-247,cuapts,0,0,0,0,0,"212 Giles Street, Ithaca, NY",OK
cuapts-248,cuapts,0,0,0,0,0,"135 Blair Street, Ithaca, NY",OK
cuapts-249,cuapts,0,0,0,0,0,"806 East State Street, Ithaca, NY",OK
cuapts-25,cuapts,0,0,0,0,0,"312 Pleasant St, Ithaca, NY",OK
cuapts-250,cuapts,0,0,0,0,0,"107 East State Street, Ithaca, NY",OK
cuapts-251,cuapts,0,0,0,0,0,"305 Dryden Road, Ithaca, NY",OK
cuapts-252,cuapts,0,0,0,0,0,"309 Dryden Road, Ithaca, NY",OK
cuapts-253,cuapts,0,0,0,0,0,"307 Dryden Road, Ithaca, NY",OK
cuapts-254,cuapts,0,0,0,0,0,"118 College Avenue, Ithaca, NY",OK
cuapts-255,cuapts,0,0,0,0,0,"224 Dryden Road, Ithaca, NY",OK
cuapts-256,cuapts,0,0,0,0,0,"127 Grand View, Ithaca, NY",OK
cuapts-257,cuapts,0,0,0,0,0,"202 Linden Street, Ithaca, NY",OK
cuapts-258,cuapts,0,0,1066,1066,1066,"815 South Aurora Street, Ithaca, NY",OK
cuapts-259,cuapts,0,0,0,0,0,"1028 Ellis Hollow Road, Ithaca, NY",OK
cuapts-26,cuapts,0,0,0,0,0,"616 East State St, Ithaca, NY",OK
cuapts-27,cuapts,0,0,0,0,0,"37 Dove Drive, Ithaca, NY",OK
cuapts-28,cuapts,0,0,0,0,0,"308 University Ave, Ithaca, NY",OK
cuapts-29,cuapts,0,0,891,891,891,"708 Stewart Ave, Ithaca, NY",OK
cuapts-3,cuapts,0,0,0,0,0,"117 Village Cir, Ithaca, NY",OK
cuapts-30,cuapts,0,0,0,0,0,"111 Osmun Place, Ithaca, NY",OK
cuapts-31,cuapts,0,0,0,0,0,"314 University Ave, Ithaca, NY",OK
cuapts-32,cuapts,0,0,0,0,0,"616 E. State St, Ithaca, NY",OK
cuapts-33,cuapts,0,0,0,0,0,"1453 Trumansburg Rd, Ithaca, NY",OK
cuapts-34,cuapts,0,0,0,0,0,"410 E Yates St, Ithaca, NY",OK
cuapts-35,cuapts,0,0,0,0,0,"705 N Aurora St, Ithaca, NY",OK
cuapts-36,cuapts,0,0,0,0,0,"305 Pleasant St, Ithaca, NY",OK
cuapts-37,cuapts,0,0,0,0,0,"114 Eddy St, Ithaca, NY",OK
cuapts-38,cuapts,0,0,0,0,0,"401 Dryden Rd, Ithaca, NY",OK
cuapts-39,cuapts,0,0,0,0,0,"509 S. Cayuga St, Ithaca, NY",OK
cuapts-4,cuapts,0,0,0,0,0,"Observatory Circle, Ithaca, NY",no_addr
cuapts-40,cuapts,0,0,0,0,0,"310 Pleasant St, Ithaca, NY",OK
cuapts-41,cuapts,0,0,0,0,0,"402 Eddy St, Ithaca, NY",OK
cuapts-42,cuapts,0,0,0,0,0,"401 Eddy St, Ithaca, NY",OK
cuapts-43,cuapts,0,0,0,0,0,"327 Eddy St, Ithaca, NY",OK
cuapts-44,cuapts,0,0,0,0,0,"109 Dryden Rd, Ithaca, NY",OK
cuapts-45,cuapts,0,0,0,0,0,"311 Eddy St, Ithaca, NY",OK
cuapts-46,cuapts,0,0,0,0,0,"105 Hudson St, Ithaca, NY",OK
cuapts-47,cuapts,0,0,0,0,0,"107 Hudson St, Ithaca, NY",OK
cuapts-48,cuapts,0,0,0,0,0,"109 Hudson St, Ithaca, NY",OK
cuapts-49,cuapts,0,0,0,0,0,"114 Hudson St, Ithaca, NY",OK
cuapts-5,cuapts,0,0,0,0,0,"847 Dryden Rd, Ithaca, NY",OK
cuapts-50,cuapts,0,0,0,0,0,"117 Hudson St, Ithaca, NY",OK
cuapts-51,cuapts,0,0,650,650,650,"119 Prospect St, Ithaca, NY",OK
cuapts-52,cuapts,0,0,712,712,712,"123 Prospect St, Ithaca, NY",OK
cuapts-53,cuapts,0,0,0,0,0,"139 Coddington St, Ithaca, NY",OK
cuapts-54,cuapts,0,0,775,775,775,"309 S Aurora St, Ithaca, NY",OK
cuapts-55,cuapts,0,0,0,0,0,"311 S Aurora St, Ithaca, NY",OK
cuapts-56,cuapts,0,0,0,0,0,"313 S Aurora St, Ithaca, NY",OK
cuapts-57,cuapts,0,0,0,0,0,"320 Hillview Pl, Ithaca, NY",OK
cuapts-58,cuapts,0,0,0,0,0,"407 S Aurora St, Ithaca, NY",OK
cuapts-59,cuapts,0,0,0,0,0,"409 S Aurora St, Ithaca, NY",OK
cuapts-6,cuapts,0,0,0,0,0,"142 Burleigh Dr, Ithaca, NY",OK
cuapts-60,cuapts,0,0,733,733,733,"410 S Aurora St, Ithaca, NY",OK
cuapts-61,cuapts,0,0,0,0,0,"506 S Aurora St, Ithaca, NY",OK
cuapts-62,cuapts,0,0,0,0,0,"514 S Aurora St, Ithaca, NY",OK
cuapts-63,cuapts,0,0,0,0,0,"520 Etna Rd, Ithaca, NY",OK
cuapts-64,cuapts,0,0,0,0,0,"307 College Ave, Ithaca, NY",total!=raw
cuapts-65,cuapts,0,0,0,0,0,"216 Dryden Rd, Ithaca, NY",OK
cuapts-66,cuapts,0,0,0,0,0,"222 Dryden Rd, Ithaca, NY",OK
cuapts-67,cuapts,0,0,0,0,0,"226 Linden Ave, Ithaca, NY",OK
cuapts-68,cuapts,0,0,0,0,0,"310 Bryant Ave, Ithaca, NY",OK
cuapts-69,cuapts,0,0,0,0,0,"315 Dryden Rd, Ithaca, NY",OK
cuapts-7,cuapts,0,0,0,0,0,"807 Triphammer Rd, Ithaca, NY",OK
cuapts-70,cuapts,0,0,0,0,0,"319 Dryden Rd, Ithaca, NY",OK
cuapts-71,cuapts,0,0,0,0,0,"205 College Ave, Ithaca, NY",OK
cuapts-72,cuapts,0,0,0,0,0,"302 Bryant Ave, Ithaca, NY",OK
cuapts-73,cuapts,0,0,0,0,0,"308 Bryant Ave, Ithaca, NY",OK
cuapts-74,cuapts,0,0,0,0,0,"108 Cook St, Ithaca, NY",OK
cuapts-75,cuapts,0,0,0,0,0,"234 Linden Ave, Ithaca, NY",total!=raw
cuapts-76,cuapts,0,0,0,0,0,"241 Linden Ave, Ithaca, NY",OK
cuapts-77,cuapts,0,0,0,0,0,"317 Dryden Rd, Ithaca, NY",OK
cuapts-78,cuapts,0,0,0,0,0,"318 Elmwood Ave, Ithaca, NY",OK
cuapts-79,cuapts,0,0,0,0,0,"135 Cook St, Ithaca, NY",OK
cuapts-8,cuapts,0,0,0,0,0,"702 N. Aurora St, Ithaca, NY",OK
cuapts-80,cuapts,0,0,0,0,0,"301 Bryant Ave, Ithaca, NY",total!=raw
cuapts-81,cuapts,0,0,0,0,0,"310 Bryant Ave, Ithaca, NY",OK
cuapts-82,cuapts,0,0,0,0,0,"130 College Ave, Ithaca, NY",OK
cuapts-83,cuapts,0,0,0,0,0,"407 Elmwood Ave, Ithaca, NY",OK
cuapts-84,cuapts,0,0,1182,1182,1182,"111 Dryden Rd, Ithaca, NY",OK
cuapts-85,cuapts,0,0,0,0,0,"105 Dryden Court, Ithaca, NY",OK
cuapts-86,cuapts,0,0,825,825,825,"208 Dryden Rd, Ithaca, NY",OK
cuapts-87,cuapts,0,0,1770,1770,1770,"151 Dryden Rd, Ithaca, NY",OK
cuapts-88,cuapts,0,0,0,0,0,"213 Williams St, Ithaca, NY",OK
cuapts-89,cuapts,0,0,895,895,895,"210 Dryden Rd, Ithaca, NY",OK
cuapts-9,cuapts,0,0,0,0,0,"118 Ferris Place, Ithaca, NY",OK
cuapts-90,cuapts,0,0,795,795,795,"214 Dryden Rd, Ithaca, NY",OK
cuapts-91,cuapts,0,0,885,885,885,"202 Dryden Rd, Ithaca, NY",OK
cuapts-92,cuapts,0,0,0,0,0,"105 Dryden Court, Ithaca, NY",OK
cuapts-93,cuapts,0,0,1195,1195,1195,"705 East Buffalo St, Ithaca, NY",OK
cuapts-94,cuapts,0,0,0,0,0,"418 Eddy St, Ithaca, NY",OK
cuapts-95,cuapts,0,0,0,0,0,"118 E. Prospect St, Ithaca, NY",OK
cuapts-96,cuapts,0,0,0,0,0,"101 E State St, Ithaca, NY",OK
cuapts-97,cuapts,0,0,0,0,0,"108 E State St, Ithaca, NY",OK
cuapts-98,cuapts,0,0,0,0,0,"111 S. Cayuga St, Ithaca, NY",OK
cuapts-99,cuapts,0,0,0,0,0,"154 E. State St, Ithaca, NY",OK
ithacarenting-1,ithacarenting,3,3.0,2670,890,890,", Ithaca, NY",no_addr
ithacarenting-5,ithacarenting,0,0,745,745,745,", Ithaca, NY",no_addr
ithacarenting-17,ithacarenting,0,2,1100,1100,1100,", Ithaca, NY",no_addr
ithacarenting-204,ithacarenting,1,1.0,825,825,825,"208 Dryden Road, Ithaca, NY",OK
ithacarenting-205,ithacarenting,5,0,4125,825,825,"208 Dryden Road, Ithaca, NY",OK
ithacarenting-207,ithacarenting,1,1.0,825,825,825,"208 Dryden Road, Ithaca, NY",OK
ithacarenting-208,ithacarenting,5,2.0,4375,875,875,"208 Dryden Road, Ithaca, NY",OK
ithacarenting-209,ithacarenting,4,1.0,3300,825,825,"208 Dryden Road, Ithaca, NY",OK
ithacarenting-210,ithacarenting,5,0,4125,825,825,"208 Dryden Road, Ithaca, NY",OK
ithacarenting-212,ithacarenting,3,1.0,2475,825,825,"208 Dryden Road, Ithaca, NY",OK
ithacarenting-213,ithacarenting,5,1.0,4125,825,825,"208 Dryden Road, Ithaca, NY",OK
ithacarenting-217,ithacarenting,1,1.0,825,825,825,"208 Dryden Road, Ithaca, NY",OK
ithacarenting-218,ithacarenting,5,1.0,3875,775,775,"208 Dryden Road, Ithaca, NY",OK
ithacarenting-253,ithacarenting,2,1.0,2780,1390,1390,"111 Dryden Road, Ithaca, NY",OK
ithacarenting-254,ithacarenting,1,1.0,1182,1182,1182,"111 Dryden Road, Ithaca, NY",OK
ithacarenting-255,ithacarenting,6,3.0,5850,975,975,"111 Dryden Road, Ithaca, NY",OK
ithacarenting-256,ithacarenting,6,2,7092,1182,1182,"111 Dryden Road, Ithaca, NY",OK
ithacarenting-262,ithacarenting,4,3.5,4728,1182,1182,"111 Dryden Road, Ithaca, NY",OK
ithacarenting-269,ithacarenting,5,1.5,5910,1182,1182,"111 Dryden Road, Ithaca, NY",OK
ithacarenting-270,ithacarenting,5,3.5,5910,1182,1182,"111 Dryden Road, Ithaca, NY",OK
ithacarenting-276,ithacarenting,6,2.0,7092,1182,1182,"111 Dryden Road, Ithaca, NY",OK
ithacarenting-277,ithacarenting,3,2.0,3546,1182,1182,"111 Dryden Road, Ithaca, NY",OK
ithacarenting-278,ithacarenting,1,1.0,1182,1182,1182,"111 Dryden Road, Ithaca, NY",OK
ithacarenting-279,ithacarenting,6,1.5,7092,1182,1182,"111 Dryden Road, Ithaca, NY",OK
ithacarenting-286,ithacarenting,4,1.0,4728,1182,1182,"111 Dryden Road, Ithaca, NY",OK
ithacarenting-289,ithacarenting,2,1.0,2364,1182,1182,"111 Dryden Road, Ithaca, NY",OK
ithacarenting-291,ithacarenting,2,1.0,2364,1182,1182,"111 Dryden Road, Ithaca, NY",OK
ithacarenting-301,ithacarenting,4,1.0,3740,935,935,"111 Dryden Road, Ithaca, NY",OK
ithacarenting-307,ithacarenting,6,2,10380,1730,1730,"111 Dryden Road, Ithaca, NY",OK
ithacarenting-318,ithacarenting,6,2,7092,1182,1182,"111 Dryden Road, Ithaca, NY",OK
ithacarenting-336,ithacarenting,6,2.0,4650,775,775,"426 Eddy Street, Ithaca, NY",OK
ithacarenting-337,ithacarenting,6,1.5,4650,775,775,"426 Eddy Street, Ithaca, NY",OK
ithacarenting-340,ithacarenting,1,0,1685,1685,1685,"151 Dryden Road, Ithaca, NY",OK
ithacarenting-341,ithacarenting,1,0,1730,1730,1730,"151 Dryden Road, Ithaca, NY",OK
ithacarenting-343,ithacarenting,1,1.0,1770,1770,1770,"151 Dryden Road, Ithaca, NY",OK
ithacarenting-345,ithacarenting,2,1.0,3540,1770,1770,"151 Dryden Road, Ithaca, NY",OK
ithacarenting-353,ithacarenting,2,1.0,3540,1770,1770,"151 Dryden Road, Ithaca, NY",OK
ithacarenting-354,ithacarenting,2,1.0,3540,1770,1770,"151 Dryden Road, Ithaca, NY",OK
ithacarenting-358,ithacarenting,1,0,1810,1810,1810,"151 Dryden Road, Ithaca, NY",OK
ithacarenting-382,ithacarenting,1,1.0,1770,1770,1770,"151 Dryden Road, Ithaca, NY",OK
ithacarenting-491,ithacarenting,1,1.0,2445,2445,2445,"151 Dryden Road, Ithaca, NY",OK
ithacarenting-494,ithacarenting,4,1.5,3100,775,775,"426 Eddy Street, Ithaca, NY",OK
ithacarenting-497,ithacarenting,1,1.0,775,775,775,"426 Eddy Street, Ithaca, NY",OK
ithacarenting-498,ithacarenting,3,1.5,2325,775,775,"426 Eddy Street, Ithaca, NY",OK
ithacarenting-499,ithacarenting,2,1.0,2390,1195,1195,"705 East Buffalo St, Ithaca, NY",OK
ithacarenting-501,ithacarenting,3,1.0,3585,1195,1195,"705 East Buffalo St, Ithaca, NY",OK
ithacarenting-502,ithacarenting,6,2.5,7170,1195,1195,"705 East Buffalo St, Ithaca, NY",OK
ithacarenting-503,ithacarenting,0,0,1195,1195,1195,"705 East Buffalo St, Ithaca, NY",OK
ithacarenting-526,ithacarenting,4,1.5,3540,885,885,"202 Dryden Rd, Ithaca, NY",OK
ithacarenting-528,ithacarenting,10,2.5,8850,885,885,"202 Dryden Rd, Ithaca, NY",OK
ithacarenting-529,ithacarenting,2,1.0,1790,895,895,"210 Dryden Rd, Ithaca, NY",OK
ithacarenting-530,ithacarenting,3,1.5,2685,895,895,"210 Dryden Rd, Ithaca, NY",OK
ithacarenting-531,ithacarenting,3,0,2685,895,895,"210 Dryden Rd, Ithaca, NY",OK
ithacarenting-533,ithacarenting,3,0,2685,895,895,"210 Dryden Rd, Ithaca, NY",OK
ithacarenting-546,ithacarenting,2,1.0,2150,1075,1075,", Ithaca, NY",no_addr
ithacarenting-547,ithacarenting,0,0,1450,1450,1450,", Ithaca, NY",no_addr
ithacarenting-548,ithacarenting,1,1.0,1650,1650,1650,", Ithaca, NY",no_addr
ithacarenting-558,ithacarenting,0,0,0,0,0,", Ithaca, NY",no_addr
ithacarenting-577,ithacarenting,3,1.0,1992,664,664,", Ithaca, NY",no_addr
ithacarenting-609,ithacarenting,1,1.0,2026,2026,2026,", Ithaca, NY",no_addr
ithacarenting-610,ithacarenting,0,0,1595,1595,1595,", Ithaca, NY",no_addr
ithacarenting-612,ithacarenting,5,2.0,4225,845,845,", Ithaca, NY",no_addr
ithacarenting-617,ithacarenting,6,2.0,5100,850,850,", Ithaca, NY",no_addr
ithacarenting-630,ithacarenting,1,1.0,1595,1595,1595,", Ithaca, NY",no_addr
ithacarenting-631,ithacarenting,0,0,1395,1395,1395,", Ithaca, NY",no_addr
ithacarenting-633,ithacarenting,1,1.0,1800,1800,1800,", Ithaca, NY",no_addr
ithacarenting-635,ithacarenting,0,0,1400,1400,1400,", Ithaca, NY",no_addr
ithacarenting-638,ithacarenting,0,0,1425,1425,1425,", Ithaca, NY",no_addr
ithacarenting-645,ithacarenting,2,1.0,0,0,0,", Ithaca, NY",no_addr
ithacarenting-679,ithacarenting,3,1.0,0,0,0,", Ithaca, NY",no_addr
ithacarenting-686,ithacarenting,2,1.0,0,0,0,", Ithaca, NY",no_addr
ithacarenting-696,ithacarenting,0,0,1350,1350,1350,", Ithaca, NY",no_addr
ithacarenting-698,ithacarenting,1,0,2026,2026,2026,", Ithaca, NY",no_addr
ithacarenting-699,ithacarenting,1,1.0,950,950,950,", Ithaca, NY",no_addr
ithacarenting-725,ithacarenting,1,1.0,0,0,0,", Ithaca, NY",no_addr
ithacarenting-729,ithacarenting,1,0,2026,2026,2026,", Ithaca, NY",no_addr
ithacarenting-742,ithacarenting,0,0,1375,1375,1375,", Ithaca, NY",no_addr
ithacarenting-744,ithacarenting,0,0,1350,1350,1350,", Ithaca, NY",no_addr
ithacarenting-745,ithacarenting,2,2.0,0,0,0,", Ithaca, NY",no_addr
ithacarenting-746,ithacarenting,3,2.0,2355,785,785,", Ithaca, NY",no_addr
ithacarenting-747,ithacarenting,2,2.0,1930,965,965,", Ithaca, NY",no_addr
ithacarenting-749,ithacarenting,2,1.0,2000,1000,1000,", Ithaca, NY",no_addr
ithacarenting-750,ithacarenting,0,0,0,0,0,", Ithaca, NY",no_addr
ithacarenting-754,ithacarenting,1,1.0,1650,1650,1650,", Ithaca, NY",no_addr
ithacarenting-755,ithacarenting,2,1.0,2150,1075,1075,", Ithaca, NY",no_addr
ithacarenting-756,ithacarenting,2,1.0,0,0,0,", Ithaca, NY",no_addr
ithacarenting-757,ithacarenting,3,1.5,2385,795,795,", Ithaca, NY",no_addr
ithacarenting-832,ithacarenting,8,2.5,0,0,0,", Ithaca, NY",no_addr
ithacarenting-833,ithacarenting,14,4.0,11130,795,795,"214 Dryden Road, Ithaca, NY",OK
csp-76905,csp,0,0,0,0,0,"840 Hanshaw Road Ithaca, NY 14850",total!=raw
csp-78634,csp,0,0,375,375,375,"415 N. Tioga Street, Ithaca, NY",total<400;pp<500
csp-82704,csp,2,1,2175,1088,1088,"436 North Aurora Street, Ithaca, NY",OK
csp-82877,csp,1,1,1600,1600,1600,"220 East State Street, Ithaca, NY",OK
csp-85096,csp,2,1,1900,950,950,"708 Stewart Avenue, Ithaca, NY",OK
csp-48233,csp,3,1.5,3660,1220,1220,"400-404 Stewart Ave, Ithaca, NY",OK
csp-87384,csp,3,2,3600,1200,1200,"117 Renwick Drive, Ithaca, NY",OK
csp-87401,csp,3,2,3200,1067,1067,"154 Westview Lane, Ithaca, NY",OK
csp-86949,csp,2,1,1775,888,888,"708 Stewart Avenue Terrace Ithaca, NY 14",OK
csp-87330,csp,2,1,1850,925,925,"220 East State Street, Ithaca, NY",OK
csp-86844,csp,1,1,1325,1325,1325,"105 Westbourne Ln, Ithaca, NY",OK
csp-87113,csp,1,1,1390,1390,1390,"105 Westbourne Ln, Ithaca, NY",OK
csp-85097,csp,3,1,2500,833,833,"708 Stewart Avenue, Ithaca, NY",OK
largebuildings-luxlofts-1br-1ba-lofts,largebuildings,1,1,0,0,0,"201 College Ave, Ithaca, NY 14850",OK
largebuildings-luxlofts-1br-1ba-w-balcony-lofts,largebuildings,1,1,0,0,0,"201 College Ave, Ithaca, NY 14850",OK
largebuildings-luxlofts-1br-1ba-lux-north,largebuildings,1,1,0,0,0,"112 Summit St, Ithaca, NY 14850",OK
largebuildings-luxlofts-1br-1ba-lux-south,largebuildings,1,1,0,0,0,"112 Summit St, Ithaca, NY 14850",OK
largebuildings-luxlofts-2br-2ba-lux-south,largebuildings,2,2,0,0,0,"112 Summit St, Ithaca, NY 14850",OK
largebuildings-luxlofts-2br-1ba-lofts,largebuildings,2,1,0,0,0,"201 College Ave, Ithaca, NY 14850",OK
largebuildings-luxlofts-3br-2ba-lux-north,largebuildings,3,2,0,0,0,"112 Summit St, Ithaca, NY 14850",OK
largebuildings-luxlofts-3br-3ba-lofts,largebuildings,3,3,0,0,0,"201 College Ave, Ithaca, NY 14850",OK
largebuildings-luxlofts-3br-3ba-balcony-lux-south,largebuildings,3,3,0,0,0,"112 Summit St, Ithaca, NY 14850",OK
largebuildings-luxlofts-3br-2ba-balcony-lux-south,largebuildings,3,2,0,0,0,"112 Summit St, Ithaca, NY 14850",OK
largebuildings-luxlofts-4br-2ba-lux-north,largebuildings,4,2,0,0,0,"112 Summit St, Ithaca, NY 14850",OK
largebuildings-luxlofts-4br-2ba-lux-south,largebuildings,4,2,0,0,0,"112 Summit St, Ithaca, NY 14850",OK
largebuildings-luxlofts-4br-3ba-lux-north,largebuildings,4,3,0,0,0,"112 Summit St, Ithaca, NY 14850",OK
largebuildings-luxlofts-4br-4ba-lux-north,largebuildings,4,4,0,0,0,"112 Summit St, Ithaca, NY 14850",OK
largebuildings-luxlofts-4br-2ba-lofts,largebuildings,4,2,0,0,0,"201 College Ave, Ithaca, NY 14850",OK
largebuildings-luxlofts-5br-4ba-lux-north,largebuildings,5,4,0,0,0,"112 Summit St, Ithaca, NY 14850",OK
largebuildings-luxlofts-5br-5ba-lux-north,largebuildings,5,5,0,0,0,"112 Summit St, Ithaca, NY 14850",OK
largebuildings-cayugaplace-201-A,largebuildings,2,2,1715,858,858,"131 E Green St, Ithaca, NY 14850",OK
largebuildings-cayugaplace-204,largebuildings,1,1,2419,2419,2419,"131 E Green St, Ithaca, NY 14850",OK
largebuildings-cayugaplace-207,largebuildings,1,1,2549,2549,2549,"131 E Green St, Ithaca, NY 14850",OK
largebuildings-cayugaplace-212,largebuildings,1,1,2419,2419,2419,"131 E Green St, Ithaca, NY 14850",OK
largebuildings-cayugaplace-216,largebuildings,0,1,2419,2419,2419,"131 E Green St, Ithaca, NY 14850",OK
largebuildings-cayugaplace-303,largebuildings,0,1,2319,2319,2319,"131 E Green St, Ithaca, NY 14850",OK
largebuildings-cayugaplace-307,largebuildings,1,1,2569,2569,2569,"131 E Green St, Ithaca, NY 14850",OK
largebuildings-cayugaplace-312,largebuildings,1,1,2449,2449,2449,"131 E Green St, Ithaca, NY 14850",OK
largebuildings-cayugaplace-316,largebuildings,0,1,2279,2279,2279,"131 E Green St, Ithaca, NY 14850",OK
largebuildings-cayugaplace-401-A,largebuildings,2,2,3269,1634,1634,"131 E Green St, Ithaca, NY 14850",OK
largebuildings-cayugaplace-402-A,largebuildings,2,2,3189,1594,1594,"131 E Green St, Ithaca, NY 14850",OK
largebuildings-cayugaplace-404,largebuildings,1,1,2459,2459,2459,"131 E Green St, Ithaca, NY 14850",OK
largebuildings-cayugaplace-405,largebuildings,1,1,2459,2459,2459,"131 E Green St, Ithaca, NY 14850",OK
largebuildings-cayugaplace-406,largebuildings,1,1,2459,2459,2459,"131 E Green St, Ithaca, NY 14850",OK
largebuildings-cayugaplace-410-A,largebuildings,2,2,3309,1654,1654,"131 E Green St, Ithaca, NY 14850",OK
largebuildings-cayugaplace-413,largebuildings,0,1,2189,2189,2189,"131 E Green St, Ithaca, NY 14850",OK
largebuildings-cayugaplace-415-B,largebuildings,2,2,3589,1794,1794,"131 E Green St, Ithaca, NY 14850",OK
largebuildings-cayugaplace-505,largebuildings,1,1,2459,2459,2459,"131 E Green St, Ithaca, NY 14850",OK
largebuildings-cayugaplace-506,largebuildings,1,1,2459,2459,2459,"131 E Green St, Ithaca, NY 14850",OK
largebuildings-cayugaplace-507,largebuildings,1,1,2609,2609,2609,"131 E Green St, Ithaca, NY 14850",OK
largebuildings-cayugaplace-512,largebuildings,1,1,2489,2489,2489,"131 E Green St, Ithaca, NY 14850",OK
largebuildings-cayugaplace-513,largebuildings,0,1,2209,2209,2209,"131 E Green St, Ithaca, NY 14850",OK
largebuildings-cayugaplace-516,largebuildings,0,1,2489,2489,2489,"131 E Green St, Ithaca, NY 14850",OK
largebuildings-cayugaplace-201-B,largebuildings,2,2,1515,758,758,"131 E Green St, Ithaca, NY 14850",OK
largebuildings-haroldssquare-a-2b-2b,largebuildings,2,2,3300,1650,1650,"125 E State St, Ithaca, NY 14850",OK
largebuildings-haroldssquare-b-2b-2b,largebuildings,2,2,3200,1600,1600,"125 E State St, Ithaca, NY 14850",OK
largebuildings-haroldssquare-c-1b-1b,largebuildings,1,1,2400,2400,2400,"125 E State St, Ithaca, NY 14850",OK
largebuildings-haroldssquare-d-1b-1b,largebuildings,1,1,2500,2500,2500,"125 E State St, Ithaca, NY 14850",OK
largebuildings-haroldssquare-e-1b-1b,largebuildings,1,1,3000,3000,3000,"125 E State St, Ithaca, NY 14850",OK
largebuildings-haroldssquare-f-1b-1b,largebuildings,1,1,2800,2800,2800,"125 E State St, Ithaca, NY 14850",OK
largebuildings-haroldssquare-g-2b-2b,largebuildings,2,2,3400,1700,1700,"125 E State St, Ithaca, NY 14850",OK
largebuildings-haroldssquare-h-1b-1b,largebuildings,1,1,2800,2800,2800,"125 E State St, Ithaca, NY 14850",OK
largebuildings-haroldssquare-i-studio,largebuildings,0,1,1750,1750,1750,"125 E State St, Ithaca, NY 14850",OK
largebuildings-collegetownterrace-quarry-studio-shared-bathroom-kitchen,largebuildings,0,1,639,639,639,"Collegetown Terrace, Ithaca, NY 14850",OK
largebuildings-collegetownterrace-quarry-studio-w-bath-shared-showers-kitchen,largebuildings,0,0.5,739,739,739,"Collegetown Terrace, Ithaca, NY 14850",OK
largebuildings-collegetownterrace-quarry-studio-w-private-bath-shared-kitchen,largebuildings,0,1,899,899,899,"Collegetown Terrace, Ithaca, NY 14850",OK
largebuildings-collegetownterrace-3-bedroom-2-bath-casa-roma,largebuildings,3,2,3297,1099,1099,"Collegetown Terrace, Ithaca, NY 14850",OK
largebuildings-collegetownterrace-historic-cottage-bedroom-shared-kitchen-bath,largebuildings,3,1,3297,1099,1099,"Collegetown Terrace, Ithaca, NY 14850",OK
largebuildings-collegetownterrace-terrace-private-bedroom-bathroom-shared-kitchen,largebuildings,1,1,1149,1149,1149,"Collegetown Terrace, Ithaca, NY 14850",OK
largebuildings-collegetownterrace-2-bedroom-1-bath-casa-roma,largebuildings,2,1,2338,1169,1169,"Collegetown Terrace, Ithaca, NY 14850",OK
largebuildings-collegetownterrace-terrace-3-bedroom-3-bath-apartment,largebuildings,3,3,3897,1299,1299,"Collegetown Terrace, Ithaca, NY 14850",OK
largebuildings-collegetownterrace-quarry-studio-w-private-bath-kitchen,largebuildings,0,1,1329,1329,1329,"Collegetown Terrace, Ithaca, NY 14850",OK
largebuildings-collegetownterrace-terrace-3-bedroom-2-bath-apartment,largebuildings,3,2,3987,1329,1329,"Collegetown Terrace, Ithaca, NY 14850",OK
largebuildings-collegetownterrace-terrace-2-bedroom-2-bath-apartment,largebuildings,2,2,2698,1349,1349,"Collegetown Terrace, Ithaca, NY 14850",OK
largebuildings-collegetownterrace-2-bedroom-1-bath-historic-cottage,largebuildings,2,1,2758,1379,1379,"Collegetown Terrace, Ithaca, NY 14850",OK
largebuildings-collegetownterrace-2-bedroom-2-bath-townhome,largebuildings,2,2,2798,1399,1399,"Collegetown Terrace, Ithaca, NY 14850",OK
largebuildings-collegetownterrace-3-bedroom-2-bath-historic-cottage,largebuildings,3,2,4197,1399,1399,"Collegetown Terrace, Ithaca, NY 14850",OK
largebuildings-collegetownterrace-3-bedroom-2-bath-casa-quarry,largebuildings,3,2,4227,1409,1409,"Collegetown Terrace, Ithaca, NY 14850",OK
largebuildings-collegetownterrace-2-bedroom-2-bath-casa-quarry,largebuildings,2,2,2898,1449,1449,"Collegetown Terrace, Ithaca, NY 14850",OK
largebuildings-collegetownterrace-2-bedroom-2-bath-historic-cottage,largebuildings,2,2,2958,1479,1479,"Collegetown Terrace, Ithaca, NY 14850",OK
largebuildings-collegetownterrace-boiler-loft-studio,largebuildings,0,1,1529,1529,1529,"Collegetown Terrace, Ithaca, NY 14850",OK
largebuildings-collegetownterrace-studio-casa-roma,largebuildings,0,1,1569,1569,1569,"Collegetown Terrace, Ithaca, NY 14850",OK
largebuildings-collegetownterrace-quarry-1-bedroom-1-bath-w-kitchen,largebuildings,1,1,1609,1609,1609,"Collegetown Terrace, Ithaca, NY 14850",OK
largebuildings-collegetownterrace-1-bedroom-1-bath-casa-roma,largebuildings,1,1,1745,1745,1745,"Collegetown Terrace, Ithaca, NY 14850",OK
largebuildings-collegetownterrace-boiler-loft-1-bedroom-1-bath,largebuildings,1,1,1769,1769,1769,"Collegetown Terrace, Ithaca, NY 14850",OK
largebuildings-collegetownterrace-terrace-studio,largebuildings,0,1,1899,1899,1899,"Collegetown Terrace, Ithaca, NY 14850",OK
largebuildings-collegetownterrace-terrace-1-bedroom-1-bath-apartment,largebuildings,1,1,1999,1999,1999,"Collegetown Terrace, Ithaca, NY 14850",OK
largebuildings-collegetownterrace-townhome-studio,largebuildings,0,1,2099,2099,2099,"Collegetown Terrace, Ithaca, NY 14850",OK
largebuildings-collegetownterrace-1-bedroom-1-bath-casa-quarry,largebuildings,1,1,2209,2209,2209,"Collegetown Terrace, Ithaca, NY 14850",OK
largebuildings-collegetownterrace-1-bedroom-1-bath-historic-cottage,largebuildings,1,1,2259,2259,2259,"Collegetown Terrace, Ithaca, NY 14850",OK
largebuildings-collegetownterrace-1-bedroom-1-bath-townhome,largebuildings,1,1,2259,2259,2259,"Collegetown Terrace, Ithaca, NY 14850",OK
moll-61,moll,0,1,0,0,0,"523 E Buffalo Street, Ithaca, NY 14850",OK
ithacalivingsolutions-85,ithacalivingsolutions,0,1,1100,1100,1100,"33 Hudson Pl , Ithaca, NY 14850",OK
ithacalivingsolutions-25,ithacalivingsolutions,0,1,1200,1200,1200,"10 Hudson Pl, Ithaca, NY 14850",OK
ithacalivingsolutions-52,ithacalivingsolutions,0,1,1200,1200,1200,"31 Hudson Pl, Ithaca, NY 14850",OK
ithacalivingsolutions-4,ithacalivingsolutions,0,1,1100,1100,1100,"31 Hudson Pl, Ithaca, NY 14850",OK
demosjohnny-101-eddy-street,demosjohnny,8,3,0,0,0,"101 Eddy Street, Ithaca, NY",OK
demosjohnny-205-eddy-street,demosjohnny,7,5,0,0,0,"205 Eddy Street, Ithaca, NY",OK
demosjohnny-127-blair-street,demosjohnny,7,3,0,0,0,"127 Blair Street, Ithaca, NY",OK
demosjohnny-130-blair-street,demosjohnny,4,2,0,0,0,"130 Blair Street, Ithaca, NY",OK
demosjohnny-132-blair-street,demosjohnny,7,3,0,0,0,"132 Blair Street, Ithaca, NY",OK
demosjohnny-138-linden-ave,demosjohnny,7,2,0,0,0,"138 Linden Ave, Ithaca, NY",OK
demosjohnny-201-hudson-street,demosjohnny,6,2,0,0,0,"201 Hudson Street, Ithaca, NY",OK
demosjohnny-210-hudson-street,demosjohnny,5,2,0,0,0,"210 Hudson Street, Ithaca, NY",OK
demosjohnny-112-cook-street,demosjohnny,8,3,0,0,0,"112 Cook Street, Ithaca, NY",OK
demosjohnny-115-cook-street,demosjohnny,7,4,0,0,0,"115 Cook Street, Ithaca, NY",OK
demosjohnny-113-college-ave,demosjohnny,0,3,0,0,0,"113 College Ave, Ithaca, NY",OK
demosjohnny-132-college-ave,demosjohnny,7,2.5,0,0,0,"132 College Ave, Ithaca, NY",OK
demosjohnny-812-east-state-street,demosjohnny,6,3,0,0,0,"812 East State Street, Ithaca, NY",OK
demosjohnny-211-eddy-street,demosjohnny,8,3,0,0,0,"211 Eddy Street, Ithaca, NY",OK
demosjohnny-209-eddy-street,demosjohnny,7,2,0,0,0,"209 Eddy Street, Ithaca, NY",OK
demosjohnny-105-eddy-street,demosjohnny,6,4,0,0,0,"105 Eddy Street, Ithaca, NY",OK
demosjohnny-804-east-blair-street,demosjohnny,9,3,0,0,0,"804 East Blair Street, Ithaca, NY",OK
demosjohnny-219-eddy-street,demosjohnny,1,1,0,0,0,"219 Eddy Street, Ithaca, NY",OK
demosjohnny-116-blair-street,demosjohnny,3,2,0,0,0,"116 Blair Street, Ithaca, NY",OK
demosjohnny-118-blair-street,demosjohnny,3,1.5,0,0,0,"118 Blair Street, Ithaca, NY",OK
demosjohnny-119-blair-street,demosjohnny,4,2,0,0,0,"119 Blair Street, Ithaca, NY",OK
demosjohnny-copy-of-129-blair-street,demosjohnny,2,1,0,0,0,"129 Blair Street, Ithaca, NY",OK
demosjohnny-120-blair-street,demosjohnny,3,2,0,0,0,"120 Blair Street, Ithaca, NY",OK
demosjohnny-115-117-college-ave,demosjohnny,5,2,0,0,0,"115 117 College Ave, Ithaca, NY",OK
demosjohnny-228-linden-ave,demosjohnny,1,1,0,0,0,"228 Linden Ave, Ithaca, NY",OK
demosjohnny-230-linden-ave,demosjohnny,3,1,0,0,0,"230 Linden Ave, Ithaca, NY",OK
demosjohnny-232-linden-ave,demosjohnny,1,1,0,0,0,"232 Linden Ave, Ithaca, NY",OK
demosjohnny-copy-of-201-hudson-street,demosjohnny,3,1,0,0,0,"201 Hudson Street, Ithaca, NY",OK
demosjohnny-copy-of-210-hudson-street,demosjohnny,2,1,0,0,0,"210 Hudson Street, Ithaca, NY",OK
largebuildings-auden-210-lake,largebuildings,0,0,0,0,0,"210 Lake Street, Ithaca, NY 14850",OK
